pair,config,channel,plan_key,plan_label,assignment,ss_prod_hours,saving_abs,saving_pct,is_baseline,is_best
mixed_20260816_131535__mixed_realistic_bell_lt0,ful_calibrated,fulfillment,uni_fifo_norsl,Uni|FIFO|noRSL,FIFO,963290.9915133974,0.0,0.0,True,False
mixed_20260816_131535__mixed_realistic_bell_lt0,ful_calibrated,fulfillment,uni_rank_random_norsl,Uni|Rank_random|noRSL,Rank_random,963141.2741719771,149.71734142035712,0.015542275671564281,False,False
mixed_20260816_131535__mixed_realistic_bell_lt0,ful_calibrated,fulfillment,uni_rank_popularity_norsl,Uni|Rank_popularity|noRSL,Rank_popularity,963039.9353150402,251.0561983572552,0.026062342591082303,False,False
mixed_20260816_131535__mixed_realistic_bell_lt0,ful_calibrated,fulfillment,uni_rank_labor_norsl,Uni|Rank_labor|noRSL,Rank_labor,963142.9953867856,147.99612661183346,0.015363595000439195,False,False
mixed_20260816_131535__mixed_realistic_bell_lt0,ful_calibrated,fulfillment,uni_rank_cartlabor_norsl,Uni|Rank_cartlabor|noRSL,Rank_cartlabor,963101.2430382426,189.7484751548618,0.019697939337806294,False,False
mixed_20260816_131535__mixed_realistic_bell_lt0,ful_calibrated,fulfillment,uni_rank_minlabor_norsl,Uni|Rank_minlabor|noRSL,Rank_minlabor,965495.1411664907,-2204.1496530933073,-0.228814519445514,False,False
mixed_20260816_131535__mixed_realistic_bell_lt0,ful_calibrated,fulfillment,uni_rank_maxlabor_norsl,Uni|Rank_maxlabor|noRSL,Rank_maxlabor,963281.0568755562,9.934637841186486,0.0010313226147353953,False,False
mixed_20260816_131535__mixed_realistic_bell_lt0,ful_calibrated,fulfillment,uni_map_norsl,Uni|Map|noRSL,Map,962961.0196620572,329.9718513402622,0.034254638966555,False,False
mixed_20260816_131535__mixed_realistic_bell_lt0,ful_calibrated,fulfillment,uni_map_rank_norsl,Uni|Map_rank|noRSL,Map_rank,962988.3449037339,302.64660966349766,0.031417984007928765,False,False
mixed_20260816_131535__mixed_realistic_bell_lt0,ful_calibrated,fulfillment,uni_cluster_map_norsl,Uni|CluMap|noRSL,CluMap,965534.2370481848,-2243.24553478742,-0.2328730938574568,False,False
mixed_20260816_131535__mixed_realistic_bell_lt0,ful_calibrated,fulfillment,uni_cluster_map_rank_norsl,Uni|CluMapRk|noRSL,CluMapRk,965354.9780883783,-2063.986574980896,-0.21426407940743106,False,False
mixed_20260816_131535__mixed_realistic_bell_lt0,ful_calibrated,fulfillment,uni_tmin_norsl,Uni|TripMin|noRSL,TripMin,962976.0976718317,314.89384156570304,0.032689378841899354,False,False
mixed_20260816_131535__mixed_realistic_bell_lt0,ful_calibrated,fulfillment,uni_tmax_norsl,Uni|TripMax|noRSL,TripMax,963177.6370055382,113.35450785921421,0.01176742114873579,False,False
mixed_20260816_131535__mixed_realistic_bell_lt0,ful_calibrated,fulfillment,uni_cmax_norsl,Uni|MaxClu|noRSL,MaxClu,963015.1356028671,275.85591053031385,0.02863682033369013,False,False
mixed_20260816_131535__mixed_realistic_bell_lt0,ful_calibrated,fulfillment,uni_cmin_norsl,Uni|MinClu|noRSL,MinClu,963060.7046684377,230.28684495971538,0.023906259581844388,False,False
mixed_20260816_131535__mixed_realistic_bell_lt0,ful_calibrated,fulfillment,uni_comp_norsl,Uni|Compact|noRSL,Compact,963715.1554463478,-424.1639329503523,-0.04403279348475596,False,False
mixed_20260816_131535__mixed_realistic_bell_lt0,ful_calibrated,fulfillment,uni_expn_norsl,Uni|Expand|noRSL,Expand,966453.1977088328,-3162.2061954353703,-0.3282711271354592,False,False
mixed_20260816_131535__mixed_realistic_bell_lt0,ful_calibrated,fulfillment,opt_fifo_norsl,Opt|FIFO|noRSL,FIFO,963290.9915133974,0.0,0.0,False,False
mixed_20260816_131535__mixed_realistic_bell_lt0,ful_calibrated,fulfillment,opt_rank_random_norsl,Opt|Rank_random|noRSL,Rank_random,963136.8644300151,154.12708338233642,0.0160000544736946,False,False
mixed_20260816_131535__mixed_realistic_bell_lt0,ful_calibrated,fulfillment,opt_rank_popularity_norsl,Opt|Rank_popularity|noRSL,Rank_popularity,963109.6243274196,181.36718597786967,0.018827871076934826,False,False
mixed_20260816_131535__mixed_realistic_bell_lt0,ful_calibrated,fulfillment,opt_rank_labor_norsl,Opt|Rank_labor|noRSL,Rank_labor,963155.2452369003,135.7462764971424,0.014091928367758896,False,False
mixed_20260816_131535__mixed_realistic_bell_lt0,ful_calibrated,fulfillment,opt_rank_cartlabor_norsl,Opt|Rank_cartlabor|noRSL,Rank_cartlabor,963057.6227194128,233.36879398464225,0.024226199148608622,False,False
mixed_20260816_131535__mixed_realistic_bell_lt0,ful_calibrated,fulfillment,opt_rank_minlabor_norsl,Opt|Rank_minlabor|noRSL,Rank_minlabor,965668.7507790987,-2377.7592657012865,-0.2468370706930063,False,False
mixed_20260816_131535__mixed_realistic_bell_lt0,ful_calibrated,fulfillment,opt_rank_maxlabor_norsl,Opt|Rank_maxlabor|noRSL,Rank_maxlabor,963188.5723493444,102.41916405304801,0.01063221445600154,False,False
mixed_20260816_131535__mixed_realistic_bell_lt0,ful_calibrated,fulfillment,opt_map_norsl,Opt|Map|noRSL,Map,962878.7284189418,412.2630944555858,0.04279735802448351,False,True
mixed_20260816_131535__mixed_realistic_bell_lt0,ful_calibrated,fulfillment,opt_map_rank_norsl,Opt|Map_rank|noRSL,Map_rank,962925.1431451823,365.8483682151418,0.037979008569401077,False,False
mixed_20260816_131535__mixed_realistic_bell_lt0,ful_calibrated,fulfillment,opt_cluster_map_norsl,Opt|CluMap|noRSL,CluMap,965457.1313678446,-2166.1398544472177,-0.2248686921741125,False,False
mixed_20260816_131535__mixed_realistic_bell_lt0,ful_calibrated,fulfillment,opt_cluster_map_rank_norsl,Opt|CluMapRk|noRSL,CluMapRk,965352.0541108302,-2061.062597432756,-0.2139605389846616,False,False
mixed_20260816_131535__mixed_realistic_bell_lt0,ful_calibrated,fulfillment,opt_tmin_norsl,Opt|TripMin|noRSL,TripMin,963078.9285592736,212.06295412383042,0.022014423055141903,False,False
mixed_20260816_131535__mixed_realistic_bell_lt0,ful_calibrated,fulfillment,opt_tmax_norsl,Opt|TripMax|noRSL,TripMax,963198.5379801557,92.45353324175812,0.009597674436517585,False,False
mixed_20260816_131535__mixed_realistic_bell_lt0,ful_calibrated,fulfillment,opt_cmax_norsl,Opt|MaxClu|noRSL,MaxClu,962934.0397672239,356.95174617355224,0.037055443196116276,False,False
mixed_20260816_131535__mixed_realistic_bell_lt0,ful_calibrated,fulfillment,opt_cmin_norsl,Opt|MinClu|noRSL,MinClu,962965.0216931163,325.96982028114144,0.0338391849558377,False,False
mixed_20260816_131535__mixed_realistic_bell_lt0,ful_calibrated,fulfillment,opt_comp_norsl,Opt|Compact|noRSL,Compact,963765.6664794225,-474.6749660250498,-0.049276383793364686,False,False
mixed_20260816_131535__mixed_realistic_bell_lt0,ful_calibrated,fulfillment,opt_expn_norsl,Opt|Expand|noRSL,Expand,966413.5153564005,-3122.5238430030877,-0.3241516707321621,False,False
mixed_20260816_131535__mixed_realistic_bell_lt0,store,store,uni_fifo_norsl,Uni|FIFO|noRSL,FIFO,6292811.253267151,0.0,0.0,True,False
mixed_20260816_131535__mixed_realistic_bell_lt0,store,store,uni_rank_random_norsl,Uni|Rank_random|noRSL,Rank_random,6259214.650094585,33596.60317256674,0.5338886202112576,False,False
mixed_20260816_131535__mixed_realistic_bell_lt0,store,store,uni_rank_popularity_norsl,Uni|Rank_popularity|noRSL,Rank_popularity,6251431.7487814985,41379.50448565278,0.6575678630781917,False,False
mixed_20260816_131535__mixed_realistic_bell_lt0,store,store,uni_rank_labor_norsl,Uni|Rank_labor|noRSL,Rank_labor,6133721.22462644,159090.02864071168,2.528123317827371,False,False
mixed_20260816_131535__mixed_realistic_bell_lt0,store,store,uni_rank_cartlabor_norsl,Uni|Rank_cartlabor|noRSL,Rank_cartlabor,6133961.0967937,158850.1564734513,2.5243114735243046,False,False
mixed_20260816_131535__mixed_realistic_bell_lt0,store,store,uni_rank_minlabor_norsl,Uni|Rank_minlabor|noRSL,Rank_minlabor,6147441.86114576,145369.39212139137,2.310086641259379,False,False
mixed_20260816_131535__mixed_realistic_bell_lt0,store,store,uni_rank_maxlabor_norsl,Uni|Rank_maxlabor|noRSL,Rank_maxlabor,6485945.916740197,-193134.66347304545,-3.0691316758113834,False,False
mixed_20260816_131535__mixed_realistic_bell_lt0,store,store,uni_map_norsl,Uni|Map|noRSL,Map,6156999.875962401,135811.3773047505,2.1581988055694326,False,False
mixed_20260816_131535__mixed_realistic_bell_lt0,store,store,uni_map_rank_norsl,Uni|Map_rank|noRSL,Map_rank,6158945.100608307,133866.15265884437,2.127286951270669,False,False
mixed_20260816_131535__mixed_realistic_bell_lt0,store,store,uni_cluster_map_norsl,Uni|CluMap|noRSL,CluMap,6166668.3748804,126142.87838675175,2.004555250584703,False,False
mixed_20260816_131535__mixed_realistic_bell_lt0,store,store,uni_cluster_map_rank_norsl,Uni|CluMapRk|noRSL,CluMapRk,6185781.678417775,107029.57484937645,1.7008229000005044,False,False
mixed_20260816_131535__mixed_realistic_bell_lt0,store,store,uni_tmin_norsl,Uni|TripMin|noRSL,TripMin,6255001.129884598,37810.12338255346,0.6008462968426536,False,False
mixed_20260816_131535__mixed_realistic_bell_lt0,store,store,uni_tmax_norsl,Uni|TripMax|noRSL,TripMax,6340418.010320624,-47606.75705347303,-0.7565260602525807,False,False
mixed_20260816_131535__mixed_realistic_bell_lt0,store,store,uni_cmax_norsl,Uni|MaxClu|noRSL,MaxClu,6267507.42420996,25303.8290571915,0.40210691277374727,False,False
mixed_20260816_131535__mixed_realistic_bell_lt0,store,store,uni_cmin_norsl,Uni|MinClu|noRSL,MinClu,6278895.410683006,13915.842584145255,0.22113872519091238,False,False
mixed_20260816_131535__mixed_realistic_bell_lt0,store,store,uni_comp_norsl,Uni|Compact|noRSL,Compact,6286536.09216117,6275.161105981097,0.09971951888312412,False,False
mixed_20260816_131535__mixed_realistic_bell_lt0,store,store,uni_expn_norsl,Uni|Expand|noRSL,Expand,6299940.778201306,-7129.524934154935,-0.11329634160651764,False,False
mixed_20260816_131535__mixed_realistic_bell_lt0,store,store,opt_fifo_norsl,Opt|FIFO|noRSL,FIFO,6292811.253267151,0.0,0.0,False,False
mixed_20260816_131535__mixed_realistic_bell_lt0,store,store,opt_rank_random_norsl,Opt|Rank_random|noRSL,Rank_random,6259384.661435094,33426.59183205757,0.5311869447014305,False,False
mixed_20260816_131535__mixed_realistic_bell_lt0,store,store,opt_rank_popularity_norsl,Opt|Rank_popularity|noRSL,Rank_popularity,6249014.085138636,43797.168128515594,0.6959873157768182,False,False
mixed_20260816_131535__mixed_realistic_bell_lt0,store,store,opt_rank_labor_norsl,Opt|Rank_labor|noRSL,Rank_labor,6127744.818963094,165066.43430405762,2.6230952695165795,False,False
mixed_20260816_131535__mixed_realistic_bell_lt0,store,store,opt_rank_cartlabor_norsl,Opt|Rank_cartlabor|noRSL,Rank_cartlabor,6127399.080911841,165412.17235531006,2.6285894443350744,False,True
mixed_20260816_131535__mixed_realistic_bell_lt0,store,store,opt_rank_minlabor_norsl,Opt|Rank_minlabor|noRSL,Rank_minlabor,6142309.656245441,150501.59702171013,2.39164327300571,False,False
mixed_20260816_131535__mixed_realistic_bell_lt0,store,store,opt_rank_maxlabor_norsl,Opt|Rank_maxlabor|noRSL,Rank_maxlabor,6494107.65654656,-201296.4032794088,-3.1988310975463974,False,False
mixed_20260816_131535__mixed_realistic_bell_lt0,store,store,opt_map_norsl,Opt|Map|noRSL,Map,6147913.715692853,144897.53757429868,2.302588330439271,False,False
mixed_20260816_131535__mixed_realistic_bell_lt0,store,store,opt_map_rank_norsl,Opt|Map_rank|noRSL,Map_rank,6150551.7736535035,142259.4796136478,2.2606665588418595,False,False
mixed_20260816_131535__mixed_realistic_bell_lt0,store,store,opt_cluster_map_norsl,Opt|CluMap|noRSL,CluMap,6155307.356047386,137503.897219765,2.1850948913869717,False,False
mixed_20260816_131535__mixed_realistic_bell_lt0,store,store,opt_cluster_map_rank_norsl,Opt|CluMapRk|noRSL,CluMapRk,6184522.50774544,108288.74552171119,1.7208325685199755,False,False
mixed_20260816_131535__mixed_realistic_bell_lt0,store,store,opt_tmin_norsl,Opt|TripMin|noRSL,TripMin,6256261.981803234,36549.27146391757,0.5808099113880403,False,False
mixed_20260816_131535__mixed_realistic_bell_lt0,store,store,opt_tmax_norsl,Opt|TripMax|noRSL,TripMax,6341870.79548451,-49059.54221735895,-0.7796124854672517,False,False
mixed_20260816_131535__mixed_realistic_bell_lt0,store,store,opt_cmax_norsl,Opt|MaxClu|noRSL,MaxClu,6271511.838368161,21299.414898990653,0.3384721715263946,False,False
mixed_20260816_131535__mixed_realistic_bell_lt0,store,store,opt_cmin_norsl,Opt|MinClu|noRSL,MinClu,6278966.162208018,13845.09105913341,0.22001440217907708,False,False
mixed_20260816_131535__mixed_realistic_bell_lt0,store,store,opt_comp_norsl,Opt|Compact|noRSL,Compact,6286602.85230448,6208.400962671265,0.09865862351183564,False,False
mixed_20260816_131535__mixed_realistic_bell_lt0,store,store,opt_expn_norsl,Opt|Expand|noRSL,Expand,6300999.190385857,-8187.937118705362,-0.13011572712361721,False,False
mixed_20260816_131535__mixed_realistic_bell_ltrand0-5,ful_calibrated,fulfillment,uni_fifo_norsl,Uni|FIFO|noRSL,FIFO,857600.3475335989,0.0,0.0,True,False
mixed_20260816_131535__mixed_realistic_bell_ltrand0-5,ful_calibrated,fulfillment,uni_rank_random_norsl,Uni|Rank_random|noRSL,Rank_random,857675.5292155645,-75.18168196559418,-0.008766517199044014,False,False
mixed_20260816_131535__mixed_realistic_bell_ltrand0-5,ful_calibrated,fulfillment,uni_rank_popularity_norsl,Uni|Rank_popularity|noRSL,Rank_popularity,859083.1144551298,-1482.7669215309434,-0.1728971922405677,False,False
mixed_20260816_131535__mixed_realistic_bell_ltrand0-5,ful_calibrated,fulfillment,uni_rank_labor_norsl,Uni|Rank_labor|noRSL,Rank_labor,859036.7803754061,-1436.4328418072546,-0.16749443326816962,False,False
mixed_20260816_131535__mixed_realistic_bell_ltrand0-5,ful_calibrated,fulfillment,uni_rank_cartlabor_norsl,Uni|Rank_cartlabor|noRSL,Rank_cartlabor,858994.8145788546,-1394.4670452557039,-0.16260103546670632,False,False
mixed_20260816_131535__mixed_realistic_bell_ltrand0-5,ful_calibrated,fulfillment,uni_rank_minlabor_norsl,Uni|Rank_minlabor|noRSL,Rank_minlabor,858997.1271407972,-1396.7796071983175,-0.16287069043469515,False,False
mixed_20260816_131535__mixed_realistic_bell_ltrand0-5,ful_calibrated,fulfillment,uni_rank_maxlabor_norsl,Uni|Rank_maxlabor|noRSL,Rank_maxlabor,859039.5715662204,-1439.2240326214815,-0.16781989848308637,False,False
mixed_20260816_131535__mixed_realistic_bell_ltrand0-5,ful_calibrated,fulfillment,uni_map_norsl,Uni|Map|noRSL,Map,856195.083427327,1405.264106271905,0.16386002061605387,False,False
mixed_20260816_131535__mixed_realistic_bell_ltrand0-5,ful_calibrated,fulfillment,uni_map_rank_norsl,Uni|Map_rank|noRSL,Map_rank,855787.341083747,1813.006449851906,0.21140458432252168,False,False
mixed_20260816_131535__mixed_realistic_bell_ltrand0-5,ful_calibrated,fulfillment,uni_cluster_map_norsl,Uni|CluMap|noRSL,CluMap,857241.292186994,359.0553466049023,0.041867444158286714,False,False
mixed_20260816_131535__mixed_realistic_bell_ltrand0-5,ful_calibrated,fulfillment,uni_cluster_map_rank_norsl,Uni|CluMapRk|noRSL,CluMapRk,857061.6846350611,538.6628985378193,0.06281048043963341,False,False
mixed_20260816_131535__mixed_realistic_bell_ltrand0-5,ful_calibrated,fulfillment,uni_tmin_norsl,Uni|TripMin|noRSL,TripMin,857445.3841655722,154.9633680266561,0.01806941525528999,False,False
mixed_20260816_131535__mixed_realistic_bell_ltrand0-5,ful_calibrated,fulfillment,uni_tmax_norsl,Uni|TripMax|noRSL,TripMax,857725.9810503931,-125.63351679418702,-0.014649424659808102,False,False
mixed_20260816_131535__mixed_realistic_bell_ltrand0-5,ful_calibrated,fulfillment,uni_cmax_norsl,Uni|MaxClu|noRSL,MaxClu,857396.8865987953,203.46093480358832,0.023724446403121026,False,False
mixed_20260816_131535__mixed_realistic_bell_ltrand0-5,ful_calibrated,fulfillment,uni_cmin_norsl,Uni|MinClu|noRSL,MinClu,857525.6742909971,74.67324260179885,0.00870723091665647,False,False
mixed_20260816_131535__mixed_realistic_bell_ltrand0-5,ful_calibrated,fulfillment,uni_comp_norsl,Uni|Compact|noRSL,Compact,856722.6206007295,877.7269328694092,0.10234684901815783,False,False
mixed_20260816_131535__mixed_realistic_bell_ltrand0-5,ful_calibrated,fulfillment,uni_expn_norsl,Uni|Expand|noRSL,Expand,859413.6085829295,-1813.2610493305838,-0.21143427174970267,False,False
mixed_20260816_131535__mixed_realistic_bell_ltrand0-5,ful_calibrated,fulfillment,opt_fifo_norsl,Opt|FIFO|noRSL,FIFO,857600.3475335989,0.0,0.0,False,False
mixed_20260816_131535__mixed_realistic_bell_ltrand0-5,ful_calibrated,fulfillment,opt_rank_random_norsl,Opt|Rank_random|noRSL,Rank_random,857489.9675759092,110.37995768967085,0.012870792089475733,False,False
mixed_20260816_131535__mixed_realistic_bell_ltrand0-5,ful_calibrated,fulfillment,opt_rank_popularity_norsl,Opt|Rank_popularity|noRSL,Rank_popularity,858995.2453534383,-1394.897819839418,-0.1626512656916535,False,False
mixed_20260816_131535__mixed_realistic_bell_ltrand0-5,ful_calibrated,fulfillment,opt_rank_labor_norsl,Opt|Rank_labor|noRSL,Rank_labor,859075.4108227608,-1475.063289161888,-0.1719989145764774,False,False
mixed_20260816_131535__mixed_realistic_bell_ltrand0-5,ful_calibrated,fulfillment,opt_rank_cartlabor_norsl,Opt|Rank_cartlabor|noRSL,Rank_cartlabor,858922.3998258744,-1322.0522922754753,-0.1541571544458452,False,False
mixed_20260816_131535__mixed_realistic_bell_ltrand0-5,ful_calibrated,fulfillment,opt_rank_minlabor_norsl,Opt|Rank_minlabor|noRSL,Rank_minlabor,858888.7681018417,-1288.4205682427855,-0.15023554642301587,False,False
mixed_20260816_131535__mixed_realistic_bell_ltrand0-5,ful_calibrated,fulfillment,opt_rank_maxlabor_norsl,Opt|Rank_maxlabor|noRSL,Rank_maxlabor,859046.402161007,-1446.054627408157,-0.16861637609720115,False,False
mixed_20260816_131535__mixed_realistic_bell_ltrand0-5,ful_calibrated,fulfillment,opt_map_norsl,Opt|Map|noRSL,Map,856186.6922123253,1413.6553212736035,0.16483847346134844,False,False
mixed_20260816_131535__mixed_realistic_bell_ltrand0-5,ful_calibrated,fulfillment,opt_map_rank_norsl,Opt|Map_rank|noRSL,Map_rank,855737.0208932859,1863.3266403130256,0.21727214146680654,False,True
mixed_20260816_131535__mixed_realistic_bell_ltrand0-5,ful_calibrated,fulfillment,opt_cluster_map_norsl,Opt|CluMap|noRSL,CluMap,857338.7818031583,261.56573044054676,0.030499722999505804,False,False
mixed_20260816_131535__mixed_realistic_bell_ltrand0-5,ful_calibrated,fulfillment,opt_cluster_map_rank_norsl,Opt|CluMapRk|noRSL,CluMapRk,856914.4560047679,685.89152883098,0.07997799100753142,False,False
mixed_20260816_131535__mixed_realistic_bell_ltrand0-5,ful_calibrated,fulfillment,opt_tmin_norsl,Opt|TripMin|noRSL,TripMin,857525.6350095156,74.71252408332657,0.008711811311433674,False,False
mixed_20260816_131535__mixed_realistic_bell_ltrand0-5,ful_calibrated,fulfillment,opt_tmax_norsl,Opt|TripMax|noRSL,TripMax,857640.9639535071,-40.61641990824137,-0.004736054506630212,False,False
mixed_20260816_131535__mixed_realistic_bell_ltrand0-5,ful_calibrated,fulfillment,opt_cmax_norsl,Opt|MaxClu|noRSL,MaxClu,857378.2463758957,222.10115770320408,0.025897978976099082,False,False
mixed_20260816_131535__mixed_realistic_bell_ltrand0-5,ful_calibrated,fulfillment,opt_cmin_norsl,Opt|MinClu|noRSL,MinClu,856373.4620884515,1226.8854451474035,0.14306027844739613,False,False
mixed_20260816_131535__mixed_realistic_bell_ltrand0-5,ful_calibrated,fulfillment,opt_comp_norsl,Opt|Compact|noRSL,Compact,856740.99202132,859.355512278853,0.10020465998530688,False,False
mixed_20260816_131535__mixed_realistic_bell_ltrand0-5,ful_calibrated,fulfillment,opt_expn_norsl,Opt|Expand|noRSL,Expand,859462.3929262278,-1862.0453926288756,-0.2171227423104472,False,False
mixed_20260816_131535__mixed_realistic_bell_ltrand0-5,store,store,uni_fifo_norsl,Uni|FIFO|noRSL,FIFO,5121278.171132653,0.0,0.0,True,False
mixed_20260816_131535__mixed_realistic_bell_ltrand0-5,store,store,uni_rank_random_norsl,Uni|Rank_random|noRSL,Rank_random,5159739.711304947,-38461.54017229378,-0.7510144711351892,False,False
mixed_20260816_131535__mixed_realistic_bell_ltrand0-5,store,store,uni_rank_popularity_norsl,Uni|Rank_popularity|noRSL,Rank_popularity,5228309.885620874,-107031.71448822133,-2.0899414347678276,False,False
mixed_20260816_131535__mixed_realistic_bell_ltrand0-5,store,store,uni_rank_labor_norsl,Uni|Rank_labor|noRSL,Rank_labor,5134561.7886023875,-13283.617469734512,-0.25938090113149675,False,False
mixed_20260816_131535__mixed_realistic_bell_ltrand0-5,store,store,uni_rank_cartlabor_norsl,Uni|Rank_cartlabor|noRSL,Rank_cartlabor,5134990.032870435,-13711.861737782136,-0.26774295946415144,False,False
mixed_20260816_131535__mixed_realistic_bell_ltrand0-5,store,store,uni_rank_minlabor_norsl,Uni|Rank_minlabor|noRSL,Rank_minlabor,5153862.2007829035,-32584.02965025045,-0.6362479943760596,False,False
mixed_20260816_131535__mixed_realistic_bell_ltrand0-5,store,store,uni_rank_maxlabor_norsl,Uni|Rank_maxlabor|noRSL,Rank_maxlabor,5390137.2417649,-268859.07063224725,-5.249843137749043,False,False
mixed_20260816_131535__mixed_realistic_bell_ltrand0-5,store,store,uni_map_norsl,Uni|Map|noRSL,Map,5088729.440620284,32548.730512369424,0.6355587301591694,False,False
mixed_20260816_131535__mixed_realistic_bell_ltrand0-5,store,store,uni_map_rank_norsl,Uni|Map_rank|noRSL,Map_rank,5087446.973179717,33831.1979529364,0.6606006708175762,False,False
mixed_20260816_131535__mixed_realistic_bell_ltrand0-5,store,store,uni_cluster_map_norsl,Uni|CluMap|noRSL,CluMap,5108466.457350206,12811.71378244739,0.25016633258985566,False,False
mixed_20260816_131535__mixed_realistic_bell_ltrand0-5,store,store,uni_cluster_map_rank_norsl,Uni|CluMapRk|noRSL,CluMapRk,5107541.326170136,13736.8449625168,0.2682307912885481,False,False
mixed_20260816_131535__mixed_realistic_bell_ltrand0-5,store,store,uni_tmin_norsl,Uni|TripMin|noRSL,TripMin,5160258.090536883,-38979.91940423008,-0.761136538607686,False,False
mixed_20260816_131535__mixed_realistic_bell_ltrand0-5,store,store,uni_tmax_norsl,Uni|TripMax|noRSL,TripMax,5197046.277631537,-75768.10649888404,-1.479476489403947,False,False
mixed_20260816_131535__mixed_realistic_bell_ltrand0-5,store,store,uni_cmax_norsl,Uni|MaxClu|noRSL,MaxClu,5112356.400721367,8921.770411285572,0.17420983811376095,False,False
mixed_20260816_131535__mixed_realistic_bell_ltrand0-5,store,store,uni_cmin_norsl,Uni|MinClu|noRSL,MinClu,5138579.653057022,-17301.481924369,-0.3378352307026216,False,False
mixed_20260816_131535__mixed_realistic_bell_ltrand0-5,store,store,uni_comp_norsl,Uni|Compact|noRSL,Compact,5185524.86606723,-64246.69493457675,-1.2545050822804176,False,False
mixed_20260816_131535__mixed_realistic_bell_ltrand0-5,store,store,uni_expn_norsl,Uni|Expand|noRSL,Expand,5196165.911375174,-74887.74024252128,-1.462286127409452,False,False
mixed_20260816_131535__mixed_realistic_bell_ltrand0-5,store,store,opt_fifo_norsl,Opt|FIFO|noRSL,FIFO,5121278.171132653,0.0,0.0,False,False
mixed_20260816_131535__mixed_realistic_bell_ltrand0-5,store,store,opt_rank_random_norsl,Opt|Rank_random|noRSL,Rank_random,5161685.657597362,-40407.48646470904,-0.7890117489121329,False,False
mixed_20260816_131535__mixed_realistic_bell_ltrand0-5,store,store,opt_rank_popularity_norsl,Opt|Rank_popularity|noRSL,Rank_popularity,5230104.613907256,-108826.44277460314,-2.124985972994598,False,False
mixed_20260816_131535__mixed_realistic_bell_ltrand0-5,store,store,opt_rank_labor_norsl,Opt|Rank_labor|noRSL,Rank_labor,5127365.943538384,-6087.77240573056,-0.1188721292283202,False,False
mixed_20260816_131535__mixed_realistic_bell_ltrand0-5,store,store,opt_rank_cartlabor_norsl,Opt|Rank_cartlabor|noRSL,Rank_cartlabor,5127634.647615743,-6356.476483089849,-0.12411894590923993,False,False
mixed_20260816_131535__mixed_realistic_bell_ltrand0-5,store,store,opt_rank_minlabor_norsl,Opt|Rank_minlabor|noRSL,Rank_minlabor,5153120.381338025,-31842.210205372423,-0.6217629494304545,False,False
mixed_20260816_131535__mixed_realistic_bell_ltrand0-5,store,store,opt_rank_maxlabor_norsl,Opt|Rank_maxlabor|noRSL,Rank_maxlabor,5398194.7584919715,-276916.5873593185,-5.407177234000432,False,False
mixed_20260816_131535__mixed_realistic_bell_ltrand0-5,store,store,opt_map_norsl,Opt|Map|noRSL,Map,5083463.202878774,37814.96825387888,0.7383892651454137,False,False
mixed_20260816_131535__mixed_realistic_bell_ltrand0-5,store,store,opt_map_rank_norsl,Opt|Map_rank|noRSL,Map_rank,5082152.841409469,39125.329723184,0.7639758750798494,False,True
mixed_20260816_131535__mixed_realistic_bell_ltrand0-5,store,store,opt_cluster_map_norsl,Opt|CluMap|noRSL,CluMap,5100078.42956223,21199.741570423357,0.4139541118840396,False,False
mixed_20260816_131535__mixed_realistic_bell_ltrand0-5,store,store,opt_cluster_map_rank_norsl,Opt|CluMapRk|noRSL,CluMapRk,5104486.513696259,16791.657436394133,0.32788020637200394,False,False
mixed_20260816_131535__mixed_realistic_bell_ltrand0-5,store,store,opt_tmin_norsl,Opt|TripMin|noRSL,TripMin,5159514.9726277385,-38236.80149508547,-0.7466261393613928,False,False
mixed_20260816_131535__mixed_realistic_bell_ltrand0-5,store,store,opt_tmax_norsl,Opt|TripMax|noRSL,TripMax,5198785.359348006,-77507.1882153526,-1.5134344518179264,False,False
mixed_20260816_131535__mixed_realistic_bell_ltrand0-5,store,store,opt_cmax_norsl,Opt|MaxClu|noRSL,MaxClu,5115309.071770729,5969.099361924455,0.11655487482735766,False,False
mixed_20260816_131535__mixed_realistic_bell_ltrand0-5,store,store,opt_cmin_norsl,Opt|MinClu|noRSL,MinClu,5139558.250545256,-18280.07941260282,-0.35694369260476794,False,False
mixed_20260816_131535__mixed_realistic_bell_ltrand0-5,store,store,opt_comp_norsl,Opt|Compact|noRSL,Compact,5188803.492164567,-67525.32103191409,-1.3185247661909327,False,False
mixed_20260816_131535__mixed_realistic_bell_ltrand0-5,store,store,opt_expn_norsl,Opt|Expand|noRSL,Expand,5199828.86768675,-78550.69655409735,-1.5338103873534485,False,False
