strategy,initial,assignment,reslot,metric,n_batches,baseline_median,arm_median,pct_median,ci_lo,ci_hi,hedges_g,rank_biserial,p_wilcoxon,p_holm,better
uni_rank_random_norsl,Uni,Rank_random,noRSL,production_time,75,970185.2081143133,969623.8765753992,0.01371768630942302,0.005849383547722851,0.027541057131283218,0.20790852592433343,0.2771171171171171,0.03832215803357426,0.26825510623501986,arm
uni_rank_popularity_norsl,Uni,Rank_popularity,noRSL,production_time,75,970185.2081143133,969314.8757191022,0.01306359088383729,-0.0038467994067698757,0.034675983179188616,0.2007278831967082,0.2655855855855856,0.04712262046680362,0.26825510623501986,arm
uni_rank_labor_norsl,Uni,Rank_labor,noRSL,production_time,75,970185.2081143133,969821.4238912447,0.016272145330750734,0.0011120941710942385,0.03628812417707899,0.32671086664645016,0.37945945945945947,0.004562816221864724,0.05475379466237669,arm
uni_rank_cartlabor_norsl,Uni,Rank_cartlabor,noRSL,production_time,75,970185.2081143133,969645.432526889,0.0240575814324479,0.004815481094081633,0.04810096626859559,0.405418834592387,0.44144144144144143,0.0009679444016031046,0.013551221622443464,arm
uni_rank_minlabor_norsl,Uni,Rank_minlabor,noRSL,production_time,75,970185.2081143133,972540.3298443175,-0.20175545093785008,-0.22664113333680816,-0.1871159306411295,-2.00881994724489,-0.9971171171171171,9.107476387320744e-14,2.5500933884498086e-12,baseline
uni_rank_maxlabor_norsl,Uni,Rank_maxlabor,noRSL,production_time,75,970185.2081143133,970387.3143685774,0.009045210064254225,-0.0062805136522461,0.01861809405923058,0.14648170279515943,0.17693693693693693,0.18597960775941236,0.5579388232782371,arm
uni_map_norsl,Uni,Map,noRSL,production_time,75,970185.2081143133,969629.950933149,0.05540396696072031,0.02645163193179619,0.061185604463102276,0.7697957081787111,0.7282882882882883,5.2155220503584834e-08,1.0431044100716966e-06,arm
uni_map_rank_norsl,Uni,Map_rank,noRSL,production_time,75,970185.2081143133,970115.5776877558,0.05394208879348352,0.03796766906494639,0.06530527246359025,0.8036221084425492,0.7434234234234234,2.7455474123430275e-08,5.765649565920357e-07,arm
uni_cluster_map_norsl,Uni,CluMap,noRSL,production_time,75,970185.2081143133,972176.4259933317,-0.20687346851232724,-0.21901235292158547,-0.18461432379849016,-1.799555972609897,-0.9913513513513513,1.2616328964534994e-13,3.2802455307790983e-12,baseline
uni_cluster_map_rank_norsl,Uni,CluMapRk,noRSL,production_time,75,970185.2081143133,971582.816663411,-0.18694080640689015,-0.208629123192289,-0.1690832404822988,-1.8038066124647003,-0.9935135135135135,1.1167356478386749e-13,3.015186249164422e-12,baseline
uni_tmin_norsl,Uni,TripMin,noRSL,production_time,75,970185.2081143133,969800.6460958954,0.027331149273794802,0.017712002240622995,0.04884274523832343,0.44386748398262504,0.5091891891891892,0.0001411854871834458,0.0022589677949351327,arm
uni_tmax_norsl,Uni,TripMax,noRSL,production_time,75,970185.2081143133,969302.8817045765,0.013012084756439142,-0.01618014566485889,0.029517186692448343,0.12281325007708402,0.17261261261261263,0.19696629930730136,0.5579388232782371,arm
uni_cmax_norsl,Uni,MaxClu,noRSL,production_time,75,970185.2081143133,969867.7834828971,0.03465992072595394,0.007654939081406253,0.050257457261024825,0.5454176791431959,0.5553153153153153,3.312206940821627e-05,0.0005630751799396766,arm
uni_cmin_norsl,Uni,MinClu,noRSL,production_time,75,970185.2081143133,969180.5713143616,0.015525434273856161,0.007861952637179268,0.027216943037524116,0.316574573872186,0.3621621621621622,0.0067876660834853735,0.06787666083485373,arm
uni_comp_norsl,Uni,Compact,noRSL,production_time,75,970185.2081143133,969785.8678985417,-0.04049814286383317,-0.05934870899578195,-0.023533820327897418,-0.6641794594983135,-0.6648648648648648,6.704787813391875e-07,1.2739096845444563e-05,baseline
uni_expn_norsl,Uni,Expand,noRSL,production_time,75,970185.2081143133,973336.3379635308,-0.3099280657954857,-0.34263622381554093,-0.28616576565745383,-2.258871505120911,-1.0,7.732733053009578e-14,2.2424925853727778e-12,baseline
opt_fifo_norsl,Opt,FIFO,noRSL,production_time,75,970185.2081143133,970185.2081143133,0.0,0.0,0.0,0.0,0.0,1.0,1.0,tie
opt_rank_random_norsl,Opt,Rank_random,noRSL,production_time,75,970185.2081143133,969552.5954688804,0.013665398901387262,-0.002384216246847993,0.024367465653711805,0.17514371344405713,0.20842105263157895,0.11680521740109649,0.46722086960438597,arm
opt_rank_popularity_norsl,Opt,Rank_popularity,noRSL,production_time,75,970185.2081143133,969776.1114711777,0.01118680031385161,-0.0032355400785667237,0.0363171235077537,0.2578380091744005,0.29754385964912283,0.025158773481477114,0.2012701878518169,arm
opt_rank_labor_norsl,Opt,Rank_labor,noRSL,production_time,75,970185.2081143133,969901.7878269479,0.023885900138887122,0.005873814428590409,0.036385179290478416,0.3367968481702488,0.38035087719298244,0.004208948398270258,0.054716329177513345,arm
opt_rank_cartlabor_norsl,Opt,Rank_cartlabor,noRSL,production_time,75,970185.2081143133,969063.6964858274,0.02265308924434002,0.0013507565396607146,0.03007597360040646,0.3445246871835104,0.3726315789473684,0.005047671444084166,0.05552438588492583,arm
opt_rank_minlabor_norsl,Opt,Rank_minlabor,noRSL,production_time,75,970185.2081143133,973132.9919552979,-0.23796377005898514,-0.24938770513155492,-0.22672951626996732,-3.281355612294147,-0.9992982456140351,5.4980694109671574e-14,1.814362905619162e-12,baseline
opt_rank_maxlabor_norsl,Opt,Rank_maxlabor,noRSL,production_time,75,970185.2081143133,969246.9546067647,0.010243490334331725,-0.0023533032894572426,0.03137774403878624,0.22979677712122346,0.2680701754385965,0.04367749376909319,0.26825510623501986,arm
opt_map_norsl,Opt,Map,noRSL,production_time,75,970185.2081143133,969311.4327251306,0.04571153425991276,0.033983429460521686,0.0713509351869276,0.754033847261748,0.7417543859649123,2.383864892082603e-08,5.244502762581726e-07,arm
opt_map_rank_norsl,Opt,Map_rank,noRSL,production_time,75,970185.2081143133,969257.3003987398,0.06672070931070483,0.042700007899571416,0.074961080558911,1.014689549651094,0.8280701754385965,4.632983739826969e-10,1.1582459349567422e-08,arm
opt_cluster_map_norsl,Opt,CluMap,noRSL,production_time,75,970185.2081143133,972254.3102558652,-0.22734131028726143,-0.24365044762102375,-0.20782307329163266,-2.142276977083725,-0.9978947368421053,5.960267043999052e-14,1.8318668532503143e-12,baseline
opt_cluster_map_rank_norsl,Opt,CluMapRk,noRSL,production_time,75,970185.2081143133,971708.4701563613,-0.21522696530431062,-0.23790436123816544,-0.19585335624371425,-2.0858090358533072,-0.9985964912280701,5.724583916407232e-14,1.8318668532503143e-12,baseline
opt_tmin_norsl,Opt,TripMin,noRSL,production_time,75,970185.2081143133,970096.7319305965,0.025032996087520822,0.008193497870201936,0.04467199665964445,0.42169815528671717,0.45403508771929824,0.0006342694478114391,0.009514041717171587,arm
opt_tmax_norsl,Opt,TripMax,noRSL,production_time,75,970185.2081143133,968993.7407745018,0.021738194045537645,-0.005493880647883288,0.037206052399760235,0.29131938767177146,0.33614035087719296,0.011426205439607446,0.10283584895646701,arm
opt_cmax_norsl,Opt,MaxClu,noRSL,production_time,75,970185.2081143133,969264.0513903662,0.03279185120454613,0.010644106200857935,0.06373018995898279,0.5658912684763902,0.5733333333333334,1.6017107459461535e-05,0.0002883079342703076,arm
opt_cmin_norsl,Opt,MinClu,noRSL,production_time,75,970185.2081143133,969018.1159530703,0.0417161485520323,0.0310555311777121,0.0570809055478923,0.790619705773228,0.7585964912280702,1.1412228446091142e-08,2.624812542600963e-07,arm
opt_comp_norsl,Opt,Compact,noRSL,production_time,75,970185.2081143133,969849.6211860718,-0.08264580755759998,-0.10392907948953796,-0.06184877389120712,-0.9017634274423344,-0.7943859649122808,2.264623886437704e-09,5.435097327450489e-08,baseline
opt_expn_norsl,Opt,Expand,noRSL,production_time,75,970185.2081143133,973239.0713691914,-0.3144991245235489,-0.3390206135382026,-0.29718569900987996,-2.6572779322422435,-0.9985964912280701,5.724583916407232e-14,1.8318668532503143e-12,baseline
uni_rank_random_norsl,Uni,Rank_random,noRSL,objective_task_labor,75,3961.218550674237,3964.5972458749748,0.14569178970732322,0.12403915875496302,0.22650070385735327,0.998792288415316,0.8688288288288288,8.34132184746023e-11,1.668264369492046e-10,arm
uni_rank_popularity_norsl,Uni,Rank_popularity,noRSL,objective_task_labor,75,3961.218550674237,3956.957116807821,0.2522353232425214,0.211835872210965,0.3027067341334902,1.5883421233573005,0.9762162162162162,2.9423061922954716e-13,2.715807962526796e-12,arm
uni_rank_labor_norsl,Uni,Rank_labor,noRSL,objective_task_labor,75,3961.218550674237,3959.5701206580397,0.26252086141364966,0.22399627447560228,0.31544732434046724,1.4715069495921513,0.9726126126126126,3.592882836369721e-13,2.8743062690957766e-12,arm
uni_rank_cartlabor_norsl,Uni,Rank_cartlabor,noRSL,objective_task_labor,75,3961.218550674237,3946.0829580913255,0.2611143663306602,0.2202495377589089,0.32346751227197534,1.4461400114070637,0.969009009009009,4.38418138196049e-13,3.0689269673723432e-12,arm
uni_rank_minlabor_norsl,Uni,Rank_minlabor,noRSL,objective_task_labor,75,3961.218550674237,4119.971122434708,-3.7203995995668224,-3.8651586110673986,-3.5374449104445107,-3.0031893934445786,-1.0,7.732733053009578e-14,1.7505468831179126e-12,baseline
uni_rank_maxlabor_norsl,Uni,Rank_maxlabor,noRSL,objective_task_labor,75,3961.218550674237,3955.5328870160997,0.2686172120334587,0.2381566390021894,0.32285866513394706,1.650273287677204,0.9863063063063063,1.675426045591745e-13,2.1780538592692686e-12,arm
uni_map_norsl,Uni,Map,noRSL,objective_task_labor,75,3961.218550674237,3958.3022997999706,0.1902054601898989,0.15537093045821013,0.26924355804372024,1.3213518696591224,0.9654054054054054,5.345942422210047e-13,3.2075654533260282e-12,arm
uni_map_rank_norsl,Uni,Map_rank,noRSL,objective_task_labor,75,3961.218550674237,3952.2890746420953,0.225422453164618,0.1721818934862302,0.2629929586173936,1.4855118754099397,0.9776576576576577,2.715807962526796e-13,2.715807962526796e-12,arm
uni_cluster_map_norsl,Uni,CluMap,noRSL,objective_task_labor,75,3961.218550674237,4193.41366031344,-5.592383146750432,-5.693262085356743,-5.416089128301817,-3.193204327699211,-1.0,7.732733053009578e-14,1.7505468831179126e-12,baseline
uni_cluster_map_rank_norsl,Uni,CluMapRk,noRSL,objective_task_labor,75,3961.218550674237,4200.697155255579,-5.632171692027548,-5.738024046125342,-5.476280098570335,-3.258868225161517,-1.0,7.732733053009578e-14,1.7505468831179126e-12,baseline
uni_tmin_norsl,Uni,TripMin,noRSL,objective_task_labor,75,3961.218550674237,3951.1713182810363,0.24460020684908462,0.18121041060833595,0.31238329910123863,1.5816846793208472,0.9913513513513513,1.2616328964534994e-13,1.892449344680249e-12,arm
uni_tmax_norsl,Uni,TripMax,noRSL,objective_task_labor,75,3961.218550674237,3949.7774998025175,0.29142876633561743,0.24251915643003683,0.3492491466812704,1.5565278885134857,0.9553153153153153,9.280196046976436e-13,3.7120784187905744e-12,arm
uni_cmax_norsl,Uni,MaxClu,noRSL,objective_task_labor,75,3961.218550674237,3953.407140807284,0.3016156162026107,0.24999452231848152,0.3256361781004826,1.5404671737482043,0.9805405405405405,2.312984610111815e-13,2.5442830711229963e-12,arm
uni_cmin_norsl,Uni,MinClu,noRSL,objective_task_labor,75,3961.218550674237,3945.9897487287285,0.29741326324995365,0.2319773220209035,0.3294587658722621,1.594764187987887,0.9855855855855856,1.744514469106521e-13,2.1780538592692686e-12,arm
uni_comp_norsl,Uni,Compact,noRSL,objective_task_labor,75,3961.218550674237,4177.6549186507655,-5.319058001895867,-5.420325775195953,-5.1410946778902105,-3.1960880091343804,-1.0,7.732733053009578e-14,1.7505468831179126e-12,baseline
uni_expn_norsl,Uni,Expand,noRSL,objective_task_labor,75,3961.218550674237,4200.892689240749,-5.744200535636763,-6.008900264255919,-5.546412334546684,-3.193749913627369,-1.0,7.732733053009578e-14,1.7505468831179126e-12,baseline
opt_fifo_norsl,Opt,FIFO,noRSL,objective_task_labor,75,3961.218550674237,3961.218550674237,0.0,0.0,0.0,0.0,0.0,1.0,1.0,tie
opt_rank_random_norsl,Opt,Rank_random,noRSL,objective_task_labor,75,3961.218550674237,3957.2937228247147,0.19364161872861557,0.1613155683063535,0.22978480944698385,1.2586278783122746,0.9270175438596491,3.0453446436405626e-12,9.136033930921688e-12,arm
opt_rank_popularity_norsl,Opt,Rank_popularity,noRSL,objective_task_labor,75,3961.218550674237,3951.6236476773524,0.2713417385451134,0.2422209952352046,0.3251427475724764,1.7989880511194536,0.9908771929824561,8.90898742966684e-14,1.7505468831179126e-12,arm
opt_rank_labor_norsl,Opt,Rank_labor,noRSL,objective_task_labor,75,3961.218550674237,3952.896768415325,0.30295656613788824,0.24196643796567138,0.3307934935641457,1.6869040325373446,0.9880701754385965,1.0454898669872193e-13,1.7505468831179126e-12,arm
opt_rank_cartlabor_norsl,Opt,Rank_cartlabor,noRSL,objective_task_labor,75,3961.218550674237,3952.7612322601703,0.2950490602160434,0.24829179831449255,0.36500708315164665,1.9697392265981373,1.0,5.2803729173201584e-14,1.7425230627156523e-12,arm
opt_rank_minlabor_norsl,Opt,Rank_minlabor,noRSL,objective_task_labor,75,3961.218550674237,4126.143975171557,-3.932027186160765,-3.954908971659666,-3.8898335020101293,-4.039365749021068,-1.0,5.2803729173201584e-14,1.7425230627156523e-12,baseline
opt_rank_maxlabor_norsl,Opt,Rank_maxlabor,noRSL,objective_task_labor,75,3961.218550674237,3959.744203698315,0.2980318718621673,0.2581821884261016,0.36375920337053824,1.8792944513551229,0.9943859649122807,7.289470061369725e-14,1.7505468831179126e-12,arm
opt_map_norsl,Opt,Map,noRSL,objective_task_labor,75,3961.218550674237,3949.8271237873587,0.2623110550964783,0.22885700966966577,0.31460341336119446,1.6449254324369311,0.9817543859649123,1.4961628073685123e-13,2.0946279303159173e-12,arm
opt_map_rank_norsl,Opt,Map_rank,noRSL,objective_task_labor,75,3961.218550674237,3961.938538399788,0.27555035527937033,0.23561226222881038,0.3281102277368109,1.486963510206363,0.9564912280701754,6.13720069431291e-13,3.2075654533260282e-12,arm
opt_cluster_map_norsl,Opt,CluMap,noRSL,objective_task_labor,75,3961.218550674237,4193.49202957675,-5.642674999414632,-5.718252252408056,-5.545163308040211,-4.157853747793727,-1.0,5.2803729173201584e-14,1.7425230627156523e-12,baseline
opt_cluster_map_rank_norsl,Opt,CluMapRk,noRSL,objective_task_labor,75,3961.218550674237,4194.277173996354,-5.6384177236074295,-5.66460475463871,-5.571181506089012,-4.039970540103944,-1.0,5.2803729173201584e-14,1.7425230627156523e-12,baseline
opt_tmin_norsl,Opt,TripMin,noRSL,objective_task_labor,75,3961.218550674237,3955.548648225201,0.30763674556033,0.2531541372740421,0.351416335859627,2.1822769834071423,1.0,5.2803729173201584e-14,1.7425230627156523e-12,arm
opt_tmax_norsl,Opt,TripMax,noRSL,objective_task_labor,75,3961.218550674237,3953.2935102662364,0.31264393342179086,0.2623855177867854,0.3715579696531826,2.1267716872989797,0.9978947368421053,5.960267043999052e-14,1.7425230627156523e-12,arm
opt_cmax_norsl,Opt,MaxClu,noRSL,objective_task_labor,75,3961.218550674237,3958.7181420999996,0.3055552583258534,0.277572946127456,0.3701602061210959,2.0345722036858387,0.9936842105263158,7.588330913048525e-14,1.7505468831179126e-12,arm
opt_cmin_norsl,Opt,MinClu,noRSL,objective_task_labor,75,3961.218550674237,3952.5349355699987,0.34693281314315094,0.28753382928410903,0.39207195277241946,2.1201962888258334,0.9950877192982456,7.00218753247165e-14,1.7505468831179126e-12,arm
opt_comp_norsl,Opt,Compact,noRSL,objective_task_labor,75,3961.218550674237,4187.172655792098,-5.434878947545988,-5.492446616782545,-5.378249576266231,-3.9049199465905553,-1.0,5.2803729173201584e-14,1.7425230627156523e-12,baseline
opt_expn_norsl,Opt,Expand,noRSL,objective_task_labor,75,3961.218550674237,4233.699370056513,-6.518195245644789,-6.710740114665302,-6.251617612642601,-4.379605357105094,-1.0,5.2803729173201584e-14,1.7425230627156523e-12,baseline
uni_rank_random_norsl,Uni,Rank_random,noRSL,objective_total_labor,75,930886.3594084458,931680.352780619,0.14569178970733462,0.12403915875495758,0.2265007038573546,0.9987922884153153,0.8688288288288288,8.34132184746023e-11,1.668264369492046e-10,arm
uni_rank_popularity_norsl,Uni,Rank_popularity,noRSL,objective_total_labor,75,930886.3594084458,929884.9224498379,0.25223532324252484,0.21183587221096067,0.3027067341334928,1.5883421233573016,0.9762162162162162,2.9423061922954716e-13,2.715807962526796e-12,arm
uni_rank_labor_norsl,Uni,Rank_labor,noRSL,objective_total_labor,75,930886.3594084458,930498.9783546394,0.26252086141364994,0.2239962744756103,0.3154473243404598,1.471506949592164,0.9726126126126126,3.592882836369721e-13,2.8743062690957766e-12,arm
uni_rank_cartlabor_norsl,Uni,Rank_cartlabor,noRSL,objective_total_labor,75,930886.3594084458,927329.4951514615,0.26111436633066093,0.22024953775890788,0.3234675122719755,1.4461400114070764,0.969009009009009,4.38418138196049e-13,3.0689269673723432e-12,arm
uni_rank_minlabor_norsl,Uni,Rank_minlabor,noRSL,objective_total_labor,75,930886.3594084458,968193.2137721565,-3.7203995995668238,-3.865158611067402,-3.5374449104445156,-3.003189393444577,-1.0,7.732733053009578e-14,1.7505468831179126e-12,baseline
uni_rank_maxlabor_norsl,Uni,Rank_maxlabor,noRSL,objective_total_labor,75,930886.3594084458,929550.2284487834,0.2686172120334554,0.23815663900218553,0.32285866513395123,1.6502732876772177,0.9863063063063063,1.675426045591745e-13,2.1780538592692686e-12,arm
uni_map_norsl,Uni,Map,noRSL,objective_total_labor,75,930886.3594084458,930201.0404529931,0.19020546018989992,0.15537093045821299,0.26924355804371786,1.3213518696591309,0.9654054054054054,5.345942422210047e-13,3.2075654533260282e-12,arm
uni_map_rank_norsl,Uni,Map_rank,noRSL,objective_total_labor,75,930886.3594084458,928787.9325408924,0.22542245316462453,0.17218189348622862,0.26299295861739214,1.4855118754099608,0.9776576576576577,2.715807962526796e-13,2.715807962526796e-12,arm
uni_cluster_map_norsl,Uni,CluMap,noRSL,objective_total_labor,75,930886.3594084458,985452.2101736586,-5.573195280917703,-5.635006834169973,-5.402115542012616,-3.2062706054081023,-1.0,7.732733053009578e-14,1.7505468831179126e-12,baseline
uni_cluster_map_rank_norsl,Uni,CluMapRk,noRSL,objective_total_labor,75,930886.3594084458,987163.8314850611,-5.626297277542631,-5.716621452240157,-5.47628009857033,-3.24984420540221,-1.0,7.732733053009578e-14,1.7505468831179126e-12,baseline
uni_tmin_norsl,Uni,TripMin,noRSL,objective_total_labor,75,930886.3594084458,928525.2597960435,0.24460020684907904,0.181210410608328,0.3123832991012297,1.5816846793208612,0.9913513513513513,1.2616328964534994e-13,1.892449344680249e-12,arm
uni_tmax_norsl,Uni,TripMax,noRSL,objective_total_labor,75,930886.3594084458,928197.7124535916,0.2914287663356176,0.2425191564300385,0.3492491466812731,1.5565278885135059,0.9553153153153153,9.280196046976436e-13,3.7120784187905744e-12,arm
uni_cmax_norsl,Uni,MaxClu,noRSL,objective_total_labor,75,930886.3594084458,929050.6780897118,0.3016156162026198,0.24999452231848274,0.3256361781004928,1.540467173748215,0.9805405405405405,2.312984610111815e-13,2.5442830711229963e-12,arm
uni_cmin_norsl,Uni,MinClu,noRSL,objective_total_labor,75,930886.3594084458,927307.5909512512,0.2974132632499526,0.23197732202089855,0.32945876587226547,1.5947641879878904,0.9855855855855856,1.744514469106521e-13,2.1780538592692686e-12,arm
uni_comp_norsl,Uni,Compact,noRSL,objective_total_labor,75,930886.3594084458,981748.9058829298,-5.319058001895866,-5.420325775195966,-5.141094677890214,-3.196088009134381,-1.0,7.732733053009578e-14,1.7505468831179126e-12,baseline
uni_expn_norsl,Uni,Expand,noRSL,objective_total_labor,75,930886.3594084458,983008.8892823353,-5.639267161573596,-5.741343167452181,-5.504253770949551,-3.2434044766014956,-1.0,7.732733053009578e-14,1.7505468831179126e-12,baseline
opt_fifo_norsl,Opt,FIFO,noRSL,objective_total_labor,75,930886.3594084458,930886.3594084458,0.0,0.0,0.0,0.0,0.0,1.0,1.0,tie
opt_rank_random_norsl,Opt,Rank_random,noRSL,objective_total_labor,75,930886.3594084458,929964.024863808,0.19364161872861474,0.16131556830634644,0.22978480944699037,1.2586278783122824,0.9270175438596491,3.0453446436405626e-12,9.136033930921688e-12,arm
opt_rank_popularity_norsl,Opt,Rank_popularity,noRSL,objective_total_labor,75,930886.3594084458,928631.5572041778,0.2713417385451207,0.24222099523520846,0.3251427475724704,1.7989880511194465,0.9908771929824561,8.90898742966684e-14,1.7505468831179126e-12,arm
opt_rank_labor_norsl,Opt,Rank_labor,noRSL,objective_total_labor,75,930886.3594084458,928930.7405776014,0.30295656613788724,0.24196643796567074,0.3307934935641466,1.686904032537347,0.9880701754385965,1.0454898669872193e-13,1.7505468831179126e-12,arm
opt_rank_cartlabor_norsl,Opt,Rank_cartlabor,noRSL,objective_total_labor,75,930886.3594084458,928898.88958114,0.29504906021605765,0.24829179831448805,0.3650070831516565,1.9697392265981424,1.0,5.2803729173201584e-14,1.7425230627156523e-12,arm
opt_rank_minlabor_norsl,Opt,Rank_minlabor,noRSL,objective_total_labor,75,930886.3594084458,969643.834165316,-3.9320271861607727,-3.9549089716596812,-3.889833502010137,-4.039365749021071,-1.0,5.2803729173201584e-14,1.7425230627156523e-12,baseline
opt_rank_maxlabor_norsl,Opt,Rank_maxlabor,noRSL,objective_total_labor,75,930886.3594084458,930539.8878691039,0.29803187186216,0.25818218842609725,0.36375920337053125,1.879294451355126,0.9943859649122807,7.289470061369725e-14,1.7505468831179126e-12,arm
opt_map_norsl,Opt,Map,noRSL,objective_total_labor,75,930886.3594084458,928209.3740900293,0.2623110550964858,0.2288570096696736,0.3146034133611976,1.6449254324369393,0.9817543859649123,1.4961628073685123e-13,2.0946279303159173e-12,arm
opt_map_rank_norsl,Opt,Map_rank,noRSL,objective_total_labor,75,930886.3594084458,931055.5565239502,0.27555035527936345,0.2356122622288089,0.328110227736809,1.486963510206367,0.9564912280701754,6.13720069431291e-13,3.2075654533260282e-12,arm
opt_cluster_map_norsl,Opt,CluMap,noRSL,objective_total_labor,75,930886.3594084458,985470.6269505362,-5.630208770477186,-5.711240842254471,-5.545163308040212,-4.043082250493534,-1.0,5.2803729173201584e-14,1.7425230627156523e-12,baseline
opt_cluster_map_rank_norsl,Opt,CluMapRk,noRSL,objective_total_labor,75,930886.3594084458,985655.1358891432,-5.621284355842595,-5.658745110892488,-5.559184485679427,-4.0034144898013455,-1.0,5.2803729173201584e-14,1.7425230627156523e-12,baseline
opt_tmin_norsl,Opt,TripMin,noRSL,objective_total_labor,75,930886.3594084458,929553.9323329222,0.3076367455603336,0.2531541372740343,0.35141633585962306,2.1822769834071534,1.0,5.2803729173201584e-14,1.7425230627156523e-12,arm
opt_tmax_norsl,Opt,TripMax,noRSL,objective_total_labor,75,930886.3594084458,929023.9749125656,0.3126439334218072,0.26238551778678393,0.37155796965319665,2.1267716872989753,0.9978947368421053,5.960267043999052e-14,1.7425230627156523e-12,arm
opt_cmax_norsl,Opt,MaxClu,noRSL,objective_total_labor,75,930886.3594084458,930298.7633934999,0.30555525832586106,0.27757294612747296,0.3701602061210848,2.03457220368586,0.9936842105263158,7.588330913048525e-14,1.7505468831179126e-12,arm
opt_cmin_norsl,Opt,MinClu,noRSL,objective_total_labor,75,930886.3594084458,928845.7098589496,0.34693281314315033,0.28753382928410587,0.39207195277243323,2.120196288825812,0.9950877192982456,7.00218753247165e-14,1.7505468831179126e-12,arm
opt_comp_norsl,Opt,Compact,noRSL,objective_total_labor,75,930886.3594084458,983985.5741111431,-5.4348789475459816,-5.492446616782547,-5.378249576266236,-3.9049199465905584,-1.0,5.2803729173201584e-14,1.7425230627156523e-12,baseline
opt_expn_norsl,Opt,Expand,noRSL,objective_total_labor,75,930886.3594084458,986451.9532231675,-5.784275396188649,-5.824426743350344,-5.7241538489939865,-4.313875144011763,-1.0,5.2803729173201584e-14,1.7425230627156523e-12,baseline
uni_rank_random_norsl,Uni,Rank_random,noRSL,task_mean_duration,75,4128.447694103461,4126.059049257018,0.013717686309421434,0.00584938354773274,0.02754105713127863,0.20790852592435924,0.2771171171171171,0.03832215803357426,0.26825510623501986,arm
uni_rank_popularity_norsl,Uni,Rank_popularity,noRSL,task_mean_duration,75,4128.447694103461,4124.744151996179,0.01306359088383236,-0.0038467994067688084,0.03467598317920359,0.20072788319672433,0.2655855855855856,0.04712262046680362,0.26825510623501986,arm
uni_rank_labor_norsl,Uni,Rank_labor,noRSL,task_mean_duration,75,4128.447694103461,4126.899676132956,0.016272145330760882,0.0011120941710916039,0.03628812417708334,0.3267108666464699,0.37945945945945947,0.004562816221864724,0.05475379466237669,arm
uni_rank_cartlabor_norsl,Uni,Rank_cartlabor,noRSL,task_mean_duration,75,4128.447694103461,4126.150776710166,0.024057581432438725,0.004815481094077889,0.04810096626859485,0.40541883459242756,0.44144144144144143,0.0009679444016031046,0.013551221622443464,arm
uni_rank_minlabor_norsl,Uni,Rank_minlabor,noRSL,task_mean_duration,75,4128.447694103461,4138.469488699224,-0.2017554509378514,-0.22664113333680644,-0.18711593064113494,-2.0088199472448762,-0.9971171171171171,9.107476387320744e-14,2.5500933884498086e-12,baseline
uni_rank_maxlabor_norsl,Uni,Rank_maxlabor,noRSL,task_mean_duration,75,4128.447694103461,4129.307720717351,0.009045210064253847,-0.006280513652243445,0.018618094059225297,0.14648170279518777,0.17693693693693693,0.18597960775941236,0.5579388232782371,arm
uni_map_norsl,Uni,Map,noRSL,task_mean_duration,75,4128.447694103461,4126.084897587868,0.05540396696072016,0.026451631931796435,0.061185604463107945,0.7697957081787207,0.7282882882882883,5.2155220503584834e-08,1.0431044100716966e-06,arm
uni_map_rank_norsl,Uni,Map_rank,noRSL,task_mean_duration,75,4128.447694103461,4128.151394415982,0.05394208879349171,0.03796766906495159,0.06530527246359286,0.8036221084425839,0.7434234234234234,2.7455474123430275e-08,5.765649565920357e-07,arm
uni_cluster_map_norsl,Uni,CluMap,noRSL,task_mean_duration,75,4128.447694103461,4136.920961673752,-0.21111338919993242,-0.22762324469137205,-0.18586509096847498,-1.4497162420601055,-0.992072072072072,1.2113915124141745e-13,3.1496179322768537e-12,baseline
uni_cluster_map_rank_norsl,Uni,CluMapRk,noRSL,task_mean_duration,75,4128.447694103461,4134.394964525153,-0.18694080640688376,-0.2086291231922905,-0.1690832404822965,-1.631815149298658,-0.9935135135135135,1.1167356478386749e-13,3.015186249164422e-12,baseline
uni_tmin_norsl,Uni,TripMin,noRSL,task_mean_duration,75,4128.447694103461,4126.811259982534,0.027331149273791964,0.017712002240627807,0.048842745238323326,0.4438674839826495,0.5091891891891892,0.0001411854871834458,0.0022589677949351327,arm
uni_tmax_norsl,Uni,TripMax,noRSL,task_mean_duration,75,4128.447694103461,4124.693113636496,0.013012084756448924,-0.01618014566485106,0.029517186692455486,0.12281325007711826,0.17261261261261263,0.19696629930730136,0.5579388232782371,arm
uni_cmax_norsl,Uni,MaxClu,noRSL,task_mean_duration,75,4128.447694103461,4127.096950991051,0.034659920725956014,0.007654939081411146,0.050257457261027226,0.5454176791431993,0.5553153153153153,3.312206940821627e-05,0.0005630751799396766,arm
uni_cmin_norsl,Uni,MinClu,noRSL,task_mean_duration,75,4128.447694103461,4124.172643890901,0.015525434273863341,0.007861952637185986,0.027216943037523925,0.3165745738722066,0.3621621621621622,0.0067876660834853735,0.06787666083485373,arm
uni_comp_norsl,Uni,Compact,noRSL,task_mean_duration,75,4128.447694103461,4126.748374036348,-0.04049814286384768,-0.059348708995778064,-0.02353382032787969,-0.6641794594983084,-0.6648648648648648,6.704787813391875e-07,1.2739096845444563e-05,baseline
uni_expn_norsl,Uni,Expand,noRSL,task_mean_duration,75,4128.447694103461,4159.556999844149,-0.362000873569522,-0.6579708788544119,-0.32034768866732927,-1.567961159467929,-1.0,7.732733053009578e-14,2.2424925853727778e-12,baseline
opt_fifo_norsl,Opt,FIFO,noRSL,task_mean_duration,75,4128.447694103461,4128.447694103461,0.0,0.0,0.0,0.0,0.0,1.0,1.0,tie
opt_rank_random_norsl,Opt,Rank_random,noRSL,task_mean_duration,75,4128.447694103461,4125.755725399491,0.01366539890139983,-0.002384216246852717,0.024367465653702854,0.17514371344407761,0.20842105263157895,0.11680521740109649,0.46722086960438597,arm
opt_rank_popularity_norsl,Opt,Rank_popularity,noRSL,task_mean_duration,75,4128.447694103461,4126.70685732416,0.011186800313854208,-0.003235540078572243,0.03631712350775354,0.25783800917443006,0.29754385964912283,0.025158773481477114,0.2012701878518169,arm
opt_rank_labor_norsl,Opt,Rank_labor,noRSL,task_mean_duration,75,4128.447694103461,4127.241650327438,0.023885900138885804,0.005873814428585676,0.036385179290489456,0.33679684817026906,0.38035087719298244,0.004208948398270258,0.054716329177513345,arm
opt_rank_cartlabor_norsl,Opt,Rank_cartlabor,noRSL,task_mean_duration,75,4128.447694103461,4123.6753041950105,0.02265308924433395,0.0013507565396535042,0.03007597360041444,0.34452468718350926,0.3726315789473684,0.005047671444084166,0.05552438588492583,arm
opt_rank_minlabor_norsl,Opt,Rank_minlabor,noRSL,task_mean_duration,75,4128.447694103461,4140.991455128928,-0.23796377005898314,-0.24938770513156325,-0.2267295162699706,-3.2813556122941447,-0.9992982456140351,5.4980694109671574e-14,1.7425230627156523e-12,baseline
opt_rank_maxlabor_norsl,Opt,Rank_maxlabor,noRSL,task_mean_duration,75,4128.447694103461,4124.455125986233,0.01024349033432908,-0.0023533032894599544,0.03137774403878174,0.2297967771212326,0.2680701754385965,0.04367749376909319,0.26825510623501986,arm
opt_map_norsl,Opt,Map,noRSL,task_mean_duration,75,4128.447694103461,4124.729500958002,0.04571153425992334,0.033983429460526036,0.07135093518692,0.7540338472617645,0.7417543859649123,2.383864892082603e-08,5.244502762581726e-07,arm
opt_map_rank_norsl,Opt,Map_rank,noRSL,task_mean_duration,75,4128.447694103461,4124.499150632935,0.06672070931071686,0.04270000789957838,0.0749610805589204,1.0146895496511088,0.8280701754385965,4.632983739826969e-10,1.1582459349567422e-08,arm
opt_cluster_map_norsl,Opt,CluMap,noRSL,task_mean_duration,75,4128.447694103461,4137.252384067511,-0.23876094683524993,-0.25126958582703246,-0.2132616622900358,-2.0941012757611266,-1.0,5.2803729173201584e-14,1.7425230627156523e-12,baseline
opt_cluster_map_rank_norsl,Opt,CluMapRk,noRSL,task_mean_duration,75,4128.447694103461,4134.929660239835,-0.21929176188029198,-0.24407897695652878,-0.20117306605308669,-2.1656799548890073,-0.9992982456140351,5.4980694109671574e-14,1.7425230627156523e-12,baseline
opt_tmin_norsl,Opt,TripMin,noRSL,task_mean_duration,75,4128.447694103461,4128.0711997046665,0.025032996087529045,0.00819349787020505,0.04467199665964949,0.42169815528674,0.45403508771929824,0.0006342694478114391,0.009514041717171587,arm
opt_tmax_norsl,Opt,TripMax,noRSL,task_mean_duration,75,4128.447694103461,4123.377620317029,0.02173819404555434,-0.005493880647882493,0.03720605239976876,0.29131938767181115,0.33614035087719296,0.011426205439607446,0.10283584895646701,arm
opt_cmax_norsl,Opt,MaxClu,noRSL,task_mean_duration,75,4128.447694103461,4124.527878256878,0.0327918512045486,0.010644106200852503,0.06373018995899933,0.5658912684764157,0.5733333333333334,1.6017107459461535e-05,0.0002883079342703076,arm
opt_cmin_norsl,Opt,MinClu,noRSL,task_mean_duration,75,4128.447694103461,4123.481344481151,0.04171614855202294,0.03105553117772523,0.057080905547902495,0.7906197057732555,0.7585964912280702,1.1412228446091142e-08,2.624812542600963e-07,arm
opt_comp_norsl,Opt,Compact,noRSL,task_mean_duration,75,4128.447694103461,4127.019664621582,-0.08264580755759006,-0.10392907948954164,-0.061848773891222585,-0.9017634274423254,-0.7943859649122808,2.264623886437704e-09,5.435097327450489e-08,baseline
opt_expn_norsl,Opt,Expand,noRSL,task_mean_duration,75,4128.447694103461,4176.991722614555,-0.9578625267662625,-1.1758421592800712,-0.7773087492338999,-1.6455527555452119,-1.0,5.2803729173201584e-14,1.7425230627156523e-12,baseline
uni_rank_random_norsl,Uni,Rank_random,noRSL,makespan,75,52791.62899429709,52314.83459318916,0.0,-0.4234527661045472,0.5670271623880511,-0.011427576174248846,-0.03495495495495495,0.7938758620881593,1.0,tie
uni_rank_popularity_norsl,Uni,Rank_popularity,noRSL,makespan,75,52791.62899429709,51872.49475738763,-0.006390873151898376,-0.29491823897662944,0.5361729219568832,0.07057734669808088,0.058738738738738736,0.6606182588311873,1.0,baseline
uni_rank_labor_norsl,Uni,Rank_labor,noRSL,makespan,75,52791.62899429709,51515.289835263095,0.21072576378044033,-0.05139707342893949,0.480983740918793,0.14844514099650427,0.19927927927927927,0.1363371421501208,1.0,arm
uni_rank_cartlabor_norsl,Uni,Rank_cartlabor,noRSL,makespan,75,52791.62899429709,51510.07657309296,0.009960365820829663,-0.31182481369299947,0.6600828542190937,0.13518744853293468,0.09981981981981981,0.45558757446576337,1.0,arm
uni_rank_minlabor_norsl,Uni,Rank_minlabor,noRSL,makespan,75,52791.62899429709,56587.05789897787,-8.657649294381777,-10.562851317421682,-7.030668748391798,-1.7064713680762944,-1.0,7.732733053009578e-14,2.087837924312586e-12,baseline
uni_rank_maxlabor_norsl,Uni,Rank_maxlabor,noRSL,makespan,75,52791.62899429709,51986.18238224293,0.0,-0.496821660266172,0.4793928076485783,0.08977976363124415,0.055855855855855854,0.676304838002775,1.0,tie
uni_map_norsl,Uni,Map,noRSL,makespan,75,52791.62899429709,52474.93408117765,0.0,-0.4968512449022949,0.5516316169691574,-0.05222655760701465,-0.02054054054054054,0.877975426453107,1.0,tie
uni_map_rank_norsl,Uni,Map_rank,noRSL,makespan,75,52791.62899429709,52655.704181161105,-0.5438085330661212,-0.9037859682356516,-0.16865869814748397,-0.1909671655212477,-0.2655855855855856,0.04712262046680362,0.8617223469203122,baseline
uni_cluster_map_norsl,Uni,CluMap,noRSL,makespan,75,52791.62899429709,60821.75830497409,-14.289378437198591,-16.443304468637216,-12.353944144900192,-2.4264964300323784,-1.0,7.732733053009578e-14,2.087837924312586e-12,baseline
uni_cluster_map_rank_norsl,Uni,CluMapRk,noRSL,makespan,75,52791.62899429709,60255.82495630655,-13.505555646676711,-14.535377085052446,-11.671693560201428,-2.089244226172474,-1.0,7.732733053009578e-14,2.087837924312586e-12,baseline
uni_tmin_norsl,Uni,TripMin,noRSL,makespan,75,52791.62899429709,51648.35143275511,0.31063527914560096,-0.1247043124957484,0.552870798177504,0.24825408329719428,0.26774774774774773,0.045353807732648015,0.8617223469203122,arm
uni_tmax_norsl,Uni,TripMax,noRSL,makespan,75,52791.62899429709,52628.723803102774,-0.00827567703260174,-0.3432368102847699,0.2389377314453499,0.08079402179284838,0.06378378378378378,0.6335256404123599,1.0,baseline
uni_cmax_norsl,Uni,MaxClu,noRSL,makespan,75,52791.62899429709,59118.73832254999,-10.285140761491576,-12.787641640260418,-9.108068660810961,-1.787372955049559,-0.9978378378378379,8.742796982059338e-14,2.087837924312586e-12,baseline
uni_cmin_norsl,Uni,MinClu,noRSL,makespan,75,52791.62899429709,51454.8405191901,0.42573034382501795,-0.0025338725888817237,0.7909181465482858,0.2612348602315768,0.3009009009009009,0.024501618864478082,0.4900323772895616,arm
uni_comp_norsl,Uni,Compact,noRSL,makespan,75,52791.62899429709,59001.983215671156,-13.641254844511849,-15.465950004453818,-10.386192505105743,-2.1199721179707107,-1.0,7.732733053009578e-14,2.087837924312586e-12,baseline
uni_expn_norsl,Uni,Expand,noRSL,makespan,75,52791.62899429709,56339.83985335187,-5.798813901039707,-7.374835646802355,-5.17281846714609,-1.8018425376367277,-0.9942342342342342,1.0721726147603205e-13,2.358779752472705e-12,baseline
opt_fifo_norsl,Opt,FIFO,noRSL,makespan,75,52791.62899429709,52791.62899429709,0.0,0.0,0.0,0.0,0.0,1.0,1.0,tie
opt_rank_random_norsl,Opt,Rank_random,noRSL,makespan,75,52791.62899429709,51781.54612259001,-0.12832431641139574,-0.4458279168466987,0.39544545472044507,0.022921672992142768,0.014736842105263158,0.9117022329707195,1.0,baseline
opt_rank_popularity_norsl,Opt,Rank_popularity,noRSL,makespan,75,52791.62899429709,52296.94918304877,0.21067646998178097,-0.31653953875575536,0.8508803043857041,0.12410557453694711,0.12350877192982457,0.35269322566410755,1.0,arm
opt_rank_labor_norsl,Opt,Rank_labor,noRSL,makespan,75,52791.62899429709,52605.55307899749,-0.014749342895142157,-0.2852498365724367,0.5485941944350824,0.03492040561203318,0.05964912280701754,0.6535417939646583,1.0,baseline
opt_rank_cartlabor_norsl,Opt,Rank_cartlabor,noRSL,makespan,75,52791.62899429709,51759.395711832774,0.13433569028019468,-0.33737317454898125,0.5024106982053612,0.0816028999706171,0.11087719298245614,0.40409619111110295,1.0,arm
opt_rank_minlabor_norsl,Opt,Rank_minlabor,noRSL,makespan,75,52791.62899429709,58717.276244646724,-11.245449062665989,-11.840421805962977,-9.83221899447924,-2.718373294446933,-1.0,5.2803729173201584e-14,1.7425230627156523e-12,baseline
opt_rank_maxlabor_norsl,Opt,Rank_maxlabor,noRSL,makespan,75,52791.62899429709,52074.10583023411,0.22521984944190712,-0.1260562995800103,0.8413482645039062,0.19369053511918705,0.21403508771929824,0.1072735145877723,1.0,arm
opt_map_norsl,Opt,Map,noRSL,makespan,75,52791.62899429709,53278.281728116155,-0.17639380791643625,-1.0284860090132597,0.1870946980577945,-0.2000058632559639,-0.2231578947368421,0.0931097471344826,1.0,baseline
opt_map_rank_norsl,Opt,Map_rank,noRSL,makespan,75,52791.62899429709,52594.58498020127,-0.5960984943300343,-1.1044691718134287,-0.17844858055973753,-0.2648133185830112,-0.3550877192982456,0.007540924436505962,0.1583594131666252,baseline
opt_cluster_map_norsl,Opt,CluMap,noRSL,makespan,75,52791.62899429709,61186.33355505461,-14.240172260674399,-15.901582733248054,-11.899648658326845,-2.1250737183333905,-1.0,5.2803729173201584e-14,1.7425230627156523e-12,baseline
opt_cluster_map_rank_norsl,Opt,CluMapRk,noRSL,makespan,75,52791.62899429709,59159.42071643476,-14.288191476437046,-16.77361048912934,-13.14817270772971,-2.7066614749207254,-1.0,5.2803729173201584e-14,1.7425230627156523e-12,baseline
opt_tmin_norsl,Opt,TripMin,noRSL,makespan,75,52791.62899429709,53127.93276544907,-0.012367474172906179,-0.46807916253098847,0.2944114754354266,-0.0584213992415565,-0.056140350877192984,0.6727005699014132,1.0,baseline
opt_tmax_norsl,Opt,TripMax,noRSL,makespan,75,52791.62899429709,52601.79546057262,-0.09037910108395458,-0.5809533388080745,0.6173710398570598,0.1058396424531185,0.09543859649122807,0.4726612731125598,1.0,baseline
opt_cmax_norsl,Opt,MaxClu,noRSL,makespan,75,52791.62899429709,60277.02213351032,-10.93191418965629,-11.768990337988525,-8.9635285488879,-2.0270477703360825,-1.0,5.2803729173201584e-14,1.7425230627156523e-12,baseline
opt_cmin_norsl,Opt,MinClu,noRSL,makespan,75,52791.62899429709,52108.48810839412,0.35212845410204907,-0.11680552565813936,0.6713418611888199,0.20474720890758785,0.22596491228070176,0.08906712349044421,1.0,arm
opt_comp_norsl,Opt,Compact,noRSL,makespan,75,52791.62899429709,61319.025917115825,-12.964540072983983,-14.468536962369235,-11.734981556920827,-2.652271006361245,-1.0,5.2803729173201584e-14,1.7425230627156523e-12,baseline
opt_expn_norsl,Opt,Expand,noRSL,makespan,75,52791.62899429709,56334.06642709232,-6.086493235827782,-6.430649280623409,-5.038582795305397,-2.109851972865321,-1.0,5.2803729173201584e-14,1.7425230627156523e-12,baseline
uni_rank_random_norsl,Uni,Rank_random,noRSL,throughput,75,1.511524832220869,1.5158839738569447,0.0,-0.41074939845951164,0.579170231347313,-0.05054435709859308,-0.03063063063063063,0.8189019279872425,1.0,tie
uni_rank_popularity_norsl,Uni,Rank_popularity,noRSL,throughput,75,1.511524832220869,1.5175577281883375,-0.018728246624384073,-0.3117986167871254,0.5176618873983025,0.06370463991924794,0.056576576576576575,0.6723696674648534,1.0,baseline
uni_rank_labor_norsl,Uni,Rank_labor,noRSL,throughput,75,1.511524832220869,1.5174353276210422,0.19120979045694997,-0.07430890689215112,0.462928996378663,0.1364067266221988,0.20072072072072072,0.13352500548200652,1.0,arm
uni_rank_cartlabor_norsl,Uni,Rank_cartlabor,noRSL,throughput,75,1.511524832220869,1.5189775138377002,0.012825741836626376,-0.3339762853823293,0.6237387886730978,0.11587947417392556,0.08756756756756756,0.5127580630051929,1.0,arm
uni_rank_minlabor_norsl,Uni,Rank_minlabor,noRSL,throughput,75,1.511524832220869,1.4013026032315539,-7.0830639747305355,-8.186885683901815,-5.972137993002574,-1.661555030670437,-0.994954954954955,1.0293584722912346e-13,2.3675244862698396e-12,baseline
uni_rank_maxlabor_norsl,Uni,Rank_maxlabor,noRSL,throughput,75,1.511524832220869,1.516095010089172,0.0,-0.5151770669620861,0.47089645086167115,0.06018608229977194,0.06018018018018018,0.6528299960217583,1.0,tie
uni_map_norsl,Uni,Map,noRSL,throughput,75,1.511524832220869,1.5152504811484653,0.0,-0.5132082736813496,0.5504641151942014,-0.04233082563588982,-0.003963963963963964,0.976362300707415,1.0,tie
uni_map_rank_norsl,Uni,Map_rank,noRSL,throughput,75,1.511524832220869,1.5110481797756243,-0.5759622164879544,-0.9096321256274789,-0.19524857586949393,-0.20003956685424001,-0.25405405405405407,0.05756438878626108,1.0,baseline
uni_cluster_map_norsl,Uni,CluMap,noRSL,throughput,75,1.511524832220869,1.341387215288904,-11.162082193061206,-12.676392249198981,-9.511320078142777,-2.3867376503750735,-1.0,7.732733053009578e-14,2.124732655653587e-12,baseline
uni_cluster_map_rank_norsl,Uni,CluMapRk,noRSL,throughput,75,1.511524832220869,1.3594830692280302,-10.468099330734514,-11.63388402555768,-9.432667997985806,-2.1631586499671487,-1.0,7.732733053009578e-14,2.124732655653587e-12,baseline
uni_tmin_norsl,Uni,TripMin,noRSL,throughput,75,1.511524832220869,1.5179505452657946,0.28364867076922223,-0.13915329650662475,0.5464311183253079,0.24884339140319497,0.26414414414414417,0.04833378237033893,0.9183418650364397,arm
uni_tmax_norsl,Uni,TripMax,noRSL,throughput,75,1.511524832220869,1.5167665736444218,-0.034634162796925196,-0.377227840579597,0.2383428204686746,0.0652519734125379,0.04864864864864865,0.7161280294455119,1.0,baseline
uni_cmax_norsl,Uni,MaxClu,noRSL,throughput,75,1.511524832220869,1.3735446435062413,-9.3457881884954,-11.357168490330189,-8.359309151359048,-1.9235496079246628,-0.9978378378378379,8.742796982059338e-14,2.124732655653587e-12,baseline
uni_cmin_norsl,Uni,MinClu,noRSL,throughput,75,1.511524832220869,1.5253964014513335,0.4146371512948368,-0.031827476747475686,0.7792816981110953,0.24895337808617807,0.29873873873873874,0.025548331713244787,0.5109666342648957,arm
uni_comp_norsl,Uni,Compact,noRSL,throughput,75,1.511524832220869,1.360064795897557,-10.453399642548115,-11.87533849108824,-8.671995814774382,-2.090990454335882,-1.0,7.732733053009578e-14,2.124732655653587e-12,baseline
uni_expn_norsl,Uni,Expand,noRSL,throughput,75,1.511524832220869,1.4526675801786684,-3.9133066301352977,-5.263415350015169,-3.318941559059043,-1.4047357972742531,-0.9481081081081081,1.3714063451158202e-12,3.0170939592548043e-11,baseline
opt_fifo_norsl,Opt,FIFO,noRSL,throughput,75,1.511524832220869,1.511524832220869,0.0,0.0,0.0,0.0,0.0,1.0,1.0,tie
opt_rank_random_norsl,Opt,Rank_random,noRSL,throughput,75,1.511524832220869,1.5165228323144369,-0.11371266312625744,-0.4411193789816837,0.3785658859236585,0.05199177811673945,0.03508771929824561,0.7917584660397858,1.0,baseline
opt_rank_popularity_norsl,Opt,Rank_popularity,noRSL,throughput,75,1.511524832220869,1.5190312658443144,0.20009061685938018,-0.35099434284940184,0.8370964869332703,0.12300862372229916,0.1319298245614035,0.32083439483113985,1.0,arm
opt_rank_labor_norsl,Opt,Rank_labor,noRSL,throughput,75,1.511524832220869,1.5156303019560278,-0.053677813447002856,-0.2994813066331741,0.5402048413074759,0.00754879411131158,0.047719298245614036,0.7195368414244167,1.0,baseline
opt_rank_cartlabor_norsl,Opt,Rank_cartlabor,noRSL,throughput,75,1.511524832220869,1.5176938346357514,0.10036049152403646,-0.35025878028858526,0.4610354800264597,0.09606114902597335,0.11017543859649123,0.40707757511841425,1.0,arm
opt_rank_minlabor_norsl,Opt,Rank_minlabor,noRSL,throughput,75,1.511524832220869,1.3834945402127024,-8.692013904346776,-9.321380155533467,-7.548174615029582,-2.2939045773651108,-1.0,5.2803729173201584e-14,1.7425230627156523e-12,baseline
opt_rank_maxlabor_norsl,Opt,Rank_maxlabor,noRSL,throughput,75,1.511524832220869,1.520407756312262,0.20477539179796336,-0.15130439050302008,0.8286151110157794,0.16906373587161144,0.20421052631578948,0.12438099365028614,1.0,arm
opt_map_norsl,Opt,Map,noRSL,throughput,75,1.511524832220869,1.5100720507108838,-0.21125625347700663,-1.0287098212714478,0.15984441878226965,-0.21404158594469025,-0.23578947368421052,0.07601898171107813,1.0,baseline
opt_map_rank_norsl,Opt,Map_rank,noRSL,throughput,75,1.511524832220869,1.5098775896285812,-0.6198914692699197,-1.103925268858149,-0.19717583780505493,-0.27325324838207915,-0.34456140350877196,0.009521101390739282,0.19994312920552493,baseline
opt_cluster_map_norsl,Opt,CluMap,noRSL,throughput,75,1.511524832220869,1.360508553451494,-10.973086891322009,-12.202115714612319,-9.071675823059383,-2.406900434346724,-1.0,5.2803729173201584e-14,1.7425230627156523e-12,baseline
opt_cluster_map_rank_norsl,Opt,CluMapRk,noRSL,throughput,75,1.511524832220869,1.3464047655565774,-11.207753034521906,-12.932463120135406,-10.076576688567036,-2.8812752629285754,-1.0,5.2803729173201584e-14,1.7425230627156523e-12,baseline
opt_tmin_norsl,Opt,TripMin,noRSL,throughput,75,1.511524832220869,1.5134969339742765,-0.03709558301119169,-0.4857244890254035,0.2742876646079527,-0.04216665845882979,-0.05894736842105263,0.6573558336019076,1.0,baseline
opt_tmax_norsl,Opt,TripMax,noRSL,throughput,75,1.511524832220869,1.515174310310082,-0.1374596676746143,-0.6110356943144711,0.5978545351485886,0.09914438150262606,0.07859649122807018,0.5542374602282161,1.0,baseline
opt_cmax_norsl,Opt,MaxClu,noRSL,throughput,75,1.511524832220869,1.3618352999070054,-9.891460877136524,-10.553127182232041,-8.258987465084411,-2.4552541005419193,-1.0,5.2803729173201584e-14,1.7425230627156523e-12,baseline
opt_cmin_norsl,Opt,MinClu,noRSL,throughput,75,1.511524832220869,1.5233080573416458,0.31128971863715993,-0.12476275749590861,0.6434396912766595,0.19936486648513468,0.22456140350877193,0.09107039985465579,1.0,arm
opt_comp_norsl,Opt,Compact,noRSL,throughput,75,1.511524832220869,1.3614578466120961,-10.001585583003102,-11.156385501189082,-8.870647954080916,-2.366300155853361,-1.0,5.2803729173201584e-14,1.7425230627156523e-12,baseline
opt_expn_norsl,Opt,Expand,noRSL,throughput,75,1.511524832220869,1.4568067057958294,-3.977223154879376,-4.246975910263669,-3.0799022221426693,-1.5994443817834108,-0.9936842105263158,7.588330913048525e-14,2.124732655653587e-12,baseline
uni_rank_random_norsl,Uni,Rank_random,noRSL,throughput_task,75,0.08129256760362538,0.081281276050256,0.014405394583872497,0.009382317765117493,0.022645287930557798,0.22910030269562812,0.2691891891891892,0.044205959148382316,0.7957072646708817,arm
uni_rank_popularity_norsl,Uni,Rank_popularity,noRSL,throughput_task,75,0.08129256760362538,0.08128933767843788,-0.003973210937624979,-0.0153941662508498,0.01872223423603719,-0.06543308219162643,-0.0781981981981982,0.5588738106218355,1.0,baseline
uni_rank_labor_norsl,Uni,Rank_labor,noRSL,throughput_task,75,0.08129256760362538,0.08126258172625915,-0.006545289528589342,-0.020773202167601215,0.010840717166399217,0.012928295999540205,-0.03855855855855856,0.7731805432191783,1.0,baseline
uni_rank_cartlabor_norsl,Uni,Rank_cartlabor,noRSL,throughput_task,75,0.08129256760362538,0.08129216185414084,0.007890427884043396,-0.008828009729519568,0.02808753283604122,0.1303370185739074,0.1300900900900901,0.3308535392107801,1.0,arm
uni_rank_minlabor_norsl,Uni,Rank_minlabor,noRSL,throughput_task,75,0.08129256760362538,0.08220550317636288,1.1231494540665292,1.058861938102767,1.1636947722917017,3.5037955187579275,1.0,7.732733053009578e-14,2.165165254842682e-12,arm
uni_rank_maxlabor_norsl,Uni,Rank_maxlabor,noRSL,throughput_task,75,0.08129256760362538,0.08126047149638621,-0.007865992695831521,-0.0263579014587294,0.001161057691667425,-0.13311594717618985,-0.1581981981981982,0.2370080454796376,1.0,baseline
uni_map_norsl,Uni,Map,noRSL,throughput_task,75,0.08129256760362538,0.08130129762884233,0.03474098085893416,0.01275939332770388,0.0458078799293237,0.4772929578140528,0.5084684684684685,0.00014429084941551128,0.0030301078377257366,arm
uni_map_rank_norsl,Uni,Map_rank,noRSL,throughput_task,75,0.08129256760362538,0.0812741743190373,0.031439504797685834,0.014700181861363787,0.04741180743907828,0.5034396080523407,0.5430630630630631,4.9223781859342744e-05,0.0010829232009055404,arm
uni_cluster_map_norsl,Uni,CluMap,noRSL,throughput_task,75,0.08129256760362538,0.08237085148220748,1.4252793490798252,1.347933250299626,1.4828142430194478,3.7438445028561156,1.0,7.732733053009578e-14,2.165165254842682e-12,arm
uni_cluster_map_rank_norsl,Uni,CluMapRk,noRSL,throughput_task,75,0.08129256760362538,0.08236245577674232,1.3777677398760744,1.3271155059613853,1.4314345551307757,3.7214590064478443,1.0,7.732733053009578e-14,2.165165254842682e-12,arm
uni_tmin_norsl,Uni,TripMin,noRSL,throughput_task,75,0.08129256760362538,0.0812498411740524,0.008487852013338622,-0.007956076556706795,0.025671527861143316,0.14012877894570822,0.1899099099099099,0.15574261505630904,1.0,arm
uni_tmax_norsl,Uni,TripMax,noRSL,throughput_task,75,0.08129256760362538,0.08127349802019353,-0.008797230497344996,-0.03709578072165392,0.005139016121416755,-0.16071072139542275,-0.18414414414414415,0.16868582912715835,1.0,baseline
uni_cmax_norsl,Uni,MaxClu,noRSL,throughput_task,75,0.08129256760362538,0.08128342932241708,0.018445972178147817,-0.017607799752427013,0.03022004387500952,0.20371146060904805,0.22234234234234235,0.09652033727270529,1.0,arm
uni_cmin_norsl,Uni,MinClu,noRSL,throughput_task,75,0.08129256760362538,0.08128078982899702,-0.0030499692978411892,-0.01577202103639449,0.006324927684842273,0.008510225537790593,-0.05009009009009009,0.7080971493874202,1.0,baseline
uni_comp_norsl,Uni,Compact,noRSL,throughput_task,75,0.08129256760362538,0.08255616960012396,1.6410535959706227,1.55325286567407,1.6870572949517777,3.66230330022422,1.0,7.732733053009578e-14,2.165165254842682e-12,arm
uni_expn_norsl,Uni,Expand,noRSL,throughput_task,75,0.08129256760362538,0.08239816105266097,1.441054621255317,1.350664960343421,1.4685587449637016,3.5872026929143073,1.0,7.732733053009578e-14,2.165165254842682e-12,arm
opt_fifo_norsl,Opt,FIFO,noRSL,throughput_task,75,0.08129256760362538,0.08129256760362538,0.0,0.0,0.0,0.0,0.0,1.0,1.0,tie
opt_rank_random_norsl,Opt,Rank_random,noRSL,throughput_task,75,0.08129256760362538,0.0813033675752298,0.009107090421305324,0.0004077048138327088,0.026024342106513308,0.2162683596423328,0.21824561403508771,0.10053754815819048,1.0,arm
opt_rank_popularity_norsl,Opt,Rank_popularity,noRSL,throughput_task,75,0.08129256760362538,0.0812808569618918,-0.00844695461512985,-0.01883301645747545,0.022190524701100254,-0.10622800401649168,-0.08140350877192983,0.540177505712168,1.0,baseline
opt_rank_labor_norsl,Opt,Rank_labor,noRSL,throughput_task,75,0.08129256760362538,0.08128340652524385,-0.00055956006058826,-0.023761877176514384,0.016846108739116242,-0.029872985975677883,-0.04491228070175438,0.7353966201359657,1.0,baseline
opt_rank_cartlabor_norsl,Opt,Rank_cartlabor,noRSL,throughput_task,75,0.08129256760362538,0.08125716736660071,0.0028084685482249344,-0.015637846031974472,0.012710184829079285,0.009219150828946485,-0.009824561403508772,0.9410678388618302,1.0,arm
opt_rank_minlabor_norsl,Opt,Rank_minlabor,noRSL,throughput_task,75,0.08129256760362538,0.08226365761748272,1.2351489794556816,1.2186446214657813,1.256993798207398,11.258209881059352,1.0,5.2803729173201584e-14,1.7425230627156523e-12,arm
opt_rank_maxlabor_norsl,Opt,Rank_maxlabor,noRSL,throughput_task,75,0.08129256760362538,0.08125929643804847,-0.006966016177649207,-0.026126948518707727,0.010449677724142658,-0.15713869074603207,-0.18035087719298246,0.17474845345996382,1.0,baseline
opt_map_norsl,Opt,Map,noRSL,throughput_task,75,0.08129256760362538,0.08133086624590362,0.02617064389760164,0.011141426471001949,0.04538771346487495,0.4685436899814448,0.4919298245614035,0.00021418480162039996,0.004283696032407999,arm
opt_map_rank_norsl,Opt,Map_rank,noRSL,throughput_task,75,0.08129256760362538,0.08133146411611727,0.04201604608974426,0.02596509632835655,0.0544945233462111,0.650099517605759,0.6364912280701754,1.6722653843908016e-06,3.846210384098844e-05,arm
opt_cluster_map_norsl,Opt,CluMap,noRSL,throughput_task,75,0.08129256760362538,0.08249789505852918,1.4773152508639344,1.436150501039931,1.511319332633091,8.895165014409988,1.0,5.2803729173201584e-14,1.7425230627156523e-12,arm
opt_cluster_map_rank_norsl,Opt,CluMapRk,noRSL,throughput_task,75,0.08129256760362538,0.08241650159845397,1.4243837459514939,1.3630051672304138,1.4815812061775593,8.300303162296114,1.0,5.2803729173201584e-14,1.7425230627156523e-12,arm
opt_tmin_norsl,Opt,TripMin,noRSL,throughput_task,75,0.08129256760362538,0.0812762393255597,0.0028670849955461475,-0.01487519863501837,0.01527397393014274,0.05394823147703854,0.07157894736842105,0.5901512966077762,1.0,arm
opt_tmax_norsl,Opt,TripMax,noRSL,throughput_task,75,0.08129256760362538,0.08130491235421475,-0.0034186811946551954,-0.031605664154350975,0.01966605379474828,-0.03224289652807197,-0.05543859649122807,0.6765584638601037,1.0,baseline
opt_cmax_norsl,Opt,MaxClu,noRSL,throughput_task,75,0.08129256760362538,0.0812980414807022,0.023914453964899,-0.01961637601881759,0.04074627756327576,0.1945967044076173,0.2343859649122807,0.07778149465120555,1.0,arm
opt_cmin_norsl,Opt,MinClu,noRSL,throughput_task,75,0.08129256760362538,0.08129415150563962,0.016106889604770476,0.005323891832698429,0.03528831568825167,0.41764607900245265,0.43859649122807015,0.0009656500407276732,0.01834735077382579,arm
opt_comp_norsl,Opt,Compact,noRSL,throughput_task,75,0.08129256760362538,0.0826996700888282,1.6677724833367509,1.6409919043498489,1.7083652514584509,9.703840432183258,1.0,5.2803729173201584e-14,1.7425230627156523e-12,arm
opt_expn_norsl,Opt,Expand,noRSL,throughput_task,75,0.08129256760362538,0.0824771511228825,1.5128194704770859,1.4748477499449562,1.5448069621575566,14.389878448491531,1.0,5.2803729173201584e-14,1.7425230627156523e-12,arm
uni_rank_random_norsl,Uni,Rank_random,noRSL,sigma_fd,75,3782106.7094663978,3042305.3294858355,19.559597734455618,19.131668990699783,19.855163644598033,5.629538871526059,1.0,7.732733053009578e-14,1.7425230627156523e-12,arm
uni_rank_popularity_norsl,Uni,Rank_popularity,noRSL,sigma_fd,75,3782106.7094663978,2874265.935084404,24.024231946721784,23.784521167546217,24.126630626046463,5.529855772713521,1.0,7.732733053009578e-14,1.7425230627156523e-12,arm
uni_rank_labor_norsl,Uni,Rank_labor,noRSL,sigma_fd,75,3782106.7094663978,2872964.9594868505,24.058361048529683,23.795488030614393,24.155022120443174,5.540993748093991,1.0,7.732733053009578e-14,1.7425230627156523e-12,arm
uni_rank_cartlabor_norsl,Uni,Rank_cartlabor,noRSL,sigma_fd,75,3782106.7094663978,2873565.5125063276,24.04596903067153,23.785780492207923,24.168847969967644,5.542055226657391,1.0,7.732733053009578e-14,1.7425230627156523e-12,arm
uni_rank_minlabor_norsl,Uni,Rank_minlabor,noRSL,sigma_fd,75,3782106.7094663978,2874062.1127437493,24.039733333671784,23.782708614297235,24.121021684728312,5.55824712120863,1.0,7.732733053009578e-14,1.7425230627156523e-12,arm
uni_rank_maxlabor_norsl,Uni,Rank_maxlabor,noRSL,sigma_fd,75,3782106.7094663978,4700145.259664053,-24.155127701033866,-24.229003624172957,-23.836973624961473,-5.542794863579658,-1.0,7.732733053009578e-14,1.7425230627156523e-12,baseline
uni_map_norsl,Uni,Map,noRSL,sigma_fd,75,3782106.7094663978,2791178.715166562,26.251795791849453,25.79300201353492,26.41782651344488,5.20653870160664,1.0,7.732733053009578e-14,1.7425230627156523e-12,arm
uni_map_rank_norsl,Uni,Map_rank,noRSL,sigma_fd,75,3782106.7094663978,2772541.87834573,26.721789200445002,26.065647540930957,26.96816945469781,5.129421761683042,1.0,7.732733053009578e-14,1.7425230627156523e-12,arm
uni_cluster_map_norsl,Uni,CluMap,noRSL,sigma_fd,75,3782106.7094663978,3057454.015379859,19.194006622719513,18.2942841537987,19.383692071292373,4.661098673693271,1.0,7.732733053009578e-14,1.7425230627156523e-12,arm
uni_cluster_map_rank_norsl,Uni,CluMapRk,noRSL,sigma_fd,75,3782106.7094663978,3156220.485593805,16.556616716468806,15.977829067823734,16.778996109870405,4.49764086537988,1.0,7.732733053009578e-14,1.7425230627156523e-12,arm
uni_tmin_norsl,Uni,TripMin,noRSL,sigma_fd,75,3782106.7094663978,3025886.793619776,20.038426344205444,19.640216522401193,20.291686663300222,5.601063018450218,1.0,7.732733053009578e-14,1.7425230627156523e-12,arm
uni_tmax_norsl,Uni,TripMax,noRSL,sigma_fd,75,3782106.7094663978,4540501.531658963,-20.03812263403508,-20.226391881018746,-19.486470211132414,-5.613364747894115,-1.0,7.732733053009578e-14,1.7425230627156523e-12,baseline
uni_cmax_norsl,Uni,MaxClu,noRSL,sigma_fd,75,3782106.7094663978,3596609.29270372,4.967621686246037,4.857494370993125,5.327387921782687,6.605963496416741,1.0,7.732733053009578e-14,1.7425230627156523e-12,arm
uni_cmin_norsl,Uni,MinClu,noRSL,sigma_fd,75,3782106.7094663978,3592504.2283866936,5.04350145298279,4.976891623964973,5.431891787215572,6.190593615955171,1.0,7.732733053009578e-14,1.7425230627156523e-12,arm
uni_comp_norsl,Uni,Compact,noRSL,sigma_fd,75,3782106.7094663978,3493456.6599571775,7.622769776394837,7.439907038633929,7.787583737094647,5.007130121720082,1.0,7.732733053009578e-14,1.7425230627156523e-12,arm
uni_expn_norsl,Uni,Expand,noRSL,sigma_fd,75,3782106.7094663978,3763005.3794295588,0.45634380460779433,0.2767703663770722,0.5850046788216593,1.4778432278073144,0.9416216216216217,1.944266690163105e-12,5.8328000704893154e-12,arm
opt_fifo_norsl,Opt,FIFO,noRSL,sigma_fd,75,3782106.7094663978,3782106.7094663978,0.0,0.0,0.0,0.0,0.0,1.0,1.0,tie
opt_rank_random_norsl,Opt,Rank_random,noRSL,sigma_fd,75,3782106.7094663978,3018724.080565967,20.263412604222676,20.007066749785345,20.658342652574937,11.939281554673316,1.0,5.2803729173201584e-14,1.7425230627156523e-12,arm
opt_rank_popularity_norsl,Opt,Rank_popularity,noRSL,sigma_fd,75,3782106.7094663978,2865984.2474849364,24.29061966581789,24.176879249208188,24.68361515764634,35.7066303911447,1.0,5.2803729173201584e-14,1.7425230627156523e-12,arm
opt_rank_labor_norsl,Opt,Rank_labor,noRSL,sigma_fd,75,3782106.7094663978,2864365.4176954105,24.306196558952166,24.244072361280356,24.6898189033135,36.53111336687872,1.0,5.2803729173201584e-14,1.7425230627156523e-12,arm
opt_rank_cartlabor_norsl,Opt,Rank_cartlabor,noRSL,sigma_fd,75,3782106.7094663978,2863730.5106136454,24.32662525340817,24.222841677755508,24.738151108169227,36.153621488718144,1.0,5.2803729173201584e-14,1.7425230627156523e-12,arm
opt_rank_minlabor_norsl,Opt,Rank_minlabor,noRSL,sigma_fd,75,3782106.7094663978,2857388.785856277,24.464462599777008,24.327567329655345,24.951432570381556,36.62243184188427,1.0,5.2803729173201584e-14,1.7425230627156523e-12,arm
opt_rank_maxlabor_norsl,Opt,Rank_maxlabor,noRSL,sigma_fd,75,3782106.7094663978,4706456.457216816,-24.458861247034488,-24.807517795335244,-24.3300612224253,-34.10717392753484,-1.0,5.2803729173201584e-14,1.7425230627156523e-12,baseline
opt_map_norsl,Opt,Map,noRSL,sigma_fd,75,3782106.7094663978,2770438.5710978555,26.748799441231906,26.643731436430556,27.40931756207705,20.7686936550593,1.0,5.2803729173201584e-14,1.7425230627156523e-12,arm
opt_map_rank_norsl,Opt,Map_rank,noRSL,sigma_fd,75,3782106.7094663978,2747191.029583162,27.357921016936686,27.277721386625153,28.000314892980406,23.731397045973182,1.0,5.2803729173201584e-14,1.7425230627156523e-12,arm
opt_cluster_map_norsl,Opt,CluMap,noRSL,sigma_fd,75,3782106.7094663978,3048794.1441982416,19.430713992611604,19.096634987708036,19.55431852915737,11.036940302438296,1.0,5.2803729173201584e-14,1.7425230627156523e-12,arm
opt_cluster_map_rank_norsl,Opt,CluMapRk,noRSL,sigma_fd,75,3782106.7094663978,3145135.735956951,16.78892809619344,16.5736151270553,16.909928481039625,13.285845097461019,1.0,5.2803729173201584e-14,1.7425230627156523e-12,arm
opt_tmin_norsl,Opt,TripMin,noRSL,sigma_fd,75,3782106.7094663978,2999106.512046602,20.746706455525604,20.51136586492355,21.22372302420239,12.876219482220552,1.0,5.2803729173201584e-14,1.7425230627156523e-12,arm
opt_tmax_norsl,Opt,TripMax,noRSL,sigma_fd,75,3782106.7094663978,4566698.647008684,-20.755888583685795,-21.144794650616124,-20.546700958934093,-12.295664964273758,-1.0,5.2803729173201584e-14,1.7425230627156523e-12,baseline
opt_cmax_norsl,Opt,MaxClu,noRSL,sigma_fd,75,3782106.7094663978,3595735.0147176473,4.939148481774607,4.866635327987176,5.25108795323634,5.880994774527045,1.0,5.2803729173201584e-14,1.7425230627156523e-12,arm
opt_cmin_norsl,Opt,MinClu,noRSL,sigma_fd,75,3782106.7094663978,3601263.6470053503,4.853721468911026,4.6995936277722,5.187811094967092,5.17838035745695,1.0,5.2803729173201584e-14,1.7425230627156523e-12,arm
opt_comp_norsl,Opt,Compact,noRSL,sigma_fd,75,3782106.7094663978,3400468.848471817,10.149151482557828,9.213280965020887,12.062262210701155,2.729148414911887,1.0,5.2803729173201584e-14,1.7425230627156523e-12,arm
opt_expn_norsl,Opt,Expand,noRSL,sigma_fd,75,3782106.7094663978,3763836.1298073884,0.4541844888323037,0.3486929619088549,0.5142452128262551,1.1706046054789176,0.871578947368421,5.4369361967466155e-11,1.0873872393493231e-10,arm
uni_rank_random_norsl,Uni,Rank_random,noRSL,picking_pct,75,95.84633432226197,95.86618059143653,0.013338343397863278,0.011442089162616336,0.014939211071260346,1.2752839248023617,0.9221621621621622,5.464002939061355e-12,3.8248020573429484e-11,arm
uni_rank_popularity_norsl,Uni,Rank_popularity,noRSL,picking_pct,75,95.84633432226197,95.85624846929723,0.015452083603223268,0.012060274241552373,0.017640158188206082,1.4111959960890812,0.9452252252252252,1.6020022577024013e-12,1.4415414399449493e-11,arm
uni_rank_labor_norsl,Uni,Rank_labor,noRSL,picking_pct,75,95.84633432226197,95.85665989531213,0.014307044446372966,0.012406677235005494,0.01706653086772987,1.3153918725213278,0.9221621621621622,5.464002939061355e-12,3.8248020573429484e-11,arm
uni_rank_cartlabor_norsl,Uni,Rank_cartlabor,noRSL,picking_pct,75,95.84633432226197,95.86931483856385,0.014764245628357445,0.012295885420003323,0.018221446674297863,1.6657424750368692,0.9567567567567568,8.579989848841215e-13,8.579989848841215e-12,arm
uni_rank_minlabor_norsl,Uni,Rank_minlabor,noRSL,picking_pct,75,95.84633432226197,95.90721343079862,0.06418027660585061,0.06119094888622051,0.06726245922674252,3.9197200371791494,1.0,7.732733053009578e-14,2.087837924312586e-12,arm
uni_rank_maxlabor_norsl,Uni,Rank_maxlabor,noRSL,picking_pct,75,95.84633432226197,95.85474795431493,0.008778251262771077,0.003640056292723401,0.010975945060058183,0.7496375932899602,0.7174774774774775,8.185401521085166e-08,2.45562045632555e-07,arm
uni_map_norsl,Uni,Map,noRSL,picking_pct,75,95.84633432226197,95.86386023231364,0.016714244583257053,0.014486160978909464,0.018577395332474655,1.6446849499867238,0.9790990990990991,2.50645945539756e-13,3.2583972920168278e-12,arm
uni_map_rank_norsl,Uni,Map_rank,noRSL,picking_pct,75,95.84633432226197,95.85626693102412,0.01606845498909832,0.014822554147371922,0.018985669576143182,1.8514873811932173,0.9855855855855856,1.744514469106521e-13,2.7912231505704336e-12,arm
uni_cluster_map_norsl,Uni,CluMap,noRSL,picking_pct,75,95.84633432226197,96.006614749965,0.14948931536558718,0.13943140573328025,0.15751719070507295,3.187152190143884,1.0,7.732733053009578e-14,2.087837924312586e-12,arm
uni_cluster_map_rank_norsl,Uni,CluMapRk,noRSL,picking_pct,75,95.84633432226197,95.97530448982072,0.13694111643815007,0.12399716198845626,0.14388159940224252,3.4076988435201954,1.0,7.732733053009578e-14,2.087837924312586e-12,arm
uni_tmin_norsl,Uni,TripMin,noRSL,picking_pct,75,95.84633432226197,95.8740231653775,0.015785128827591713,0.013416561649141635,0.02054210378511444,1.8638963365712524,0.9942342342342342,1.0721726147603205e-13,2.251562490996673e-12,arm
uni_tmax_norsl,Uni,TripMax,noRSL,picking_pct,75,95.84633432226197,95.84827913343487,0.006390115316769417,0.004041863837394058,0.00915404236017633,0.6573838905815049,0.6677477477477477,5.998231120431032e-07,1.1996462240862064e-06,arm
uni_cmax_norsl,Uni,MaxClu,noRSL,picking_pct,75,95.84633432226197,95.87381902136872,0.03536032704970663,0.03294585708203959,0.037134468621586855,3.5009848739965923,1.0,7.732733053009578e-14,2.087837924312586e-12,arm
uni_cmin_norsl,Uni,MinClu,noRSL,picking_pct,75,95.84633432226197,95.8595177010703,0.016855788696788526,0.014729196419173082,0.020500848641103506,1.7493865393594583,0.9733333333333334,3.4523657297458056e-13,4.142838875694967e-12,arm
uni_comp_norsl,Uni,Compact,noRSL,picking_pct,75,95.84633432226197,96.15845023414337,0.33335363474008234,0.310118734855649,0.3558171715147011,3.5726605817014283,1.0,7.732733053009578e-14,2.087837924312586e-12,arm
uni_expn_norsl,Uni,Expand,noRSL,picking_pct,75,95.84633432226197,95.9619431159671,0.09392903625445312,0.08766346800029909,0.10230116455282022,3.2161965471988765,1.0,7.732733053009578e-14,2.087837924312586e-12,arm
opt_fifo_norsl,Opt,FIFO,noRSL,picking_pct,75,95.84633432226197,95.84633432226197,0.0,0.0,0.0,0.0,0.0,1.0,1.0,tie
opt_rank_random_norsl,Opt,Rank_random,noRSL,picking_pct,75,95.84633432226197,95.86285981932348,0.015747075563919757,0.011298286032022506,0.019455903131967975,1.3470434160777962,0.9389473684210526,1.6017127110499437e-12,1.4415414399449493e-11,arm
opt_rank_popularity_norsl,Opt,Rank_popularity,noRSL,picking_pct,75,95.84633432226197,95.85979180916031,0.01776424238253215,0.014082133028949258,0.019041289528422867,1.7367702715838924,0.9789473684210527,1.753278834311801e-13,2.7912231505704336e-12,arm
opt_rank_labor_norsl,Opt,Rank_labor,noRSL,picking_pct,75,95.84633432226197,95.86406577414247,0.018043135664049397,0.016707127426801388,0.020924281706608365,1.5889972411293871,0.9628070175438597,4.326819354613404e-13,4.759501290074744e-12,arm
opt_rank_cartlabor_norsl,Opt,Rank_cartlabor,noRSL,picking_pct,75,95.84633432226197,95.85834034183414,0.01637312474438309,0.013625005029009797,0.020387005939822372,1.5837599411917902,0.9747368421052631,2.22229622999368e-13,3.111214721991152e-12,arm
opt_rank_minlabor_norsl,Opt,Rank_minlabor,noRSL,picking_pct,75,95.84633432226197,95.90646907162306,0.06790394301954585,0.06508628665801186,0.07275820431845095,6.191556736277459,1.0,5.2803729173201584e-14,1.7425230627156523e-12,arm
opt_rank_maxlabor_norsl,Opt,Rank_maxlabor,noRSL,picking_pct,75,95.84633432226197,95.85815051477566,0.008426201062959241,0.005884973290990656,0.010040059869772478,0.7445217947444714,0.7347368421052631,3.225334695391511e-08,1.2901338781566043e-07,arm
opt_map_norsl,Opt,Map,noRSL,picking_pct,75,95.84633432226197,95.86892317081573,0.020922721178179237,0.018036341276101597,0.022610716020909413,1.8796973227698162,0.983859649122807,1.3280049865347806e-13,2.4247656472813864e-12,arm
opt_map_rank_norsl,Opt,Map_rank,noRSL,picking_pct,75,95.84633432226197,95.87003368625962,0.020994982011650787,0.016674907284350386,0.023643179753847467,1.841244961253043,0.9873684210526316,1.088085238734361e-13,2.251562490996673e-12,arm
opt_cluster_map_norsl,Opt,CluMap,noRSL,picking_pct,75,95.84633432226197,96.00292335143348,0.15009507513100181,0.14249960734059583,0.161586330558533,4.737178523248636,1.0,5.2803729173201584e-14,1.7425230627156523e-12,arm
opt_cluster_map_rank_norsl,Opt,CluMapRk,noRSL,picking_pct,75,95.84633432226197,95.9811506023364,0.13864909932821973,0.12916110207933715,0.14516281257745156,4.657054028953478,1.0,5.2803729173201584e-14,1.7425230627156523e-12,arm
opt_tmin_norsl,Opt,TripMin,noRSL,picking_pct,75,95.84633432226197,95.85353205758265,0.02080423142014317,0.018453087987754913,0.023385944172137393,1.8365172749234617,0.984561403508772,1.2761924459375718e-13,2.4247656472813864e-12,arm
opt_tmax_norsl,Opt,TripMax,noRSL,picking_pct,75,95.84633432226197,95.85381738711473,0.010176353495638236,0.007975947088945884,0.011641943638227684,0.9163636064124003,0.7880701754385965,3.0281423175952803e-09,1.51407115879764e-08,arm
opt_cmax_norsl,Opt,MaxClu,noRSL,picking_pct,75,95.84633432226197,95.87743918258231,0.0392018399893566,0.03404575911536298,0.043161895561657705,3.3209222620780903,1.0,5.2803729173201584e-14,1.7425230627156523e-12,arm
opt_cmin_norsl,Opt,MinClu,noRSL,picking_pct,75,95.84633432226197,95.86596996068117,0.018127925152539685,0.013835671208625552,0.02112897881426224,1.6158569142349237,0.9810526315789474,1.5567352223644968e-13,2.6464498780196445e-12,arm
opt_comp_norsl,Opt,Compact,noRSL,picking_pct,75,95.84633432226197,96.20640490475263,0.31904006312087324,0.30072228148451613,0.3485205950570037,5.017954626955702,1.0,5.2803729173201584e-14,1.7425230627156523e-12,arm
opt_expn_norsl,Opt,Expand,noRSL,picking_pct,75,95.84633432226197,95.95939464857217,0.12341348730577431,0.11313467623544465,0.12914473751032518,3.304635695136129,1.0,5.2803729173201584e-14,1.7425230627156523e-12,arm
uni_rank_random_norsl,Uni,Rank_random,noRSL,reorder_churn,75,38682.0,38683.0,0.004011520283959221,-0.0038878737218615137,0.008377782121812952,0.03748268431671015,0.0624048706240487,0.6450343547176023,1.0,arm
uni_rank_popularity_norsl,Uni,Rank_popularity,noRSL,reorder_churn,75,38682.0,38671.0,0.008757170898008057,0.00569029763872656,0.013234697414783465,0.6410939266172296,0.6555839727195226,2.5341022798430353e-06,1.5204613679058212e-05,arm
uni_rank_labor_norsl,Uni,Rank_labor,noRSL,reorder_churn,75,38682.0,38677.0,0.01153223852832367,0.008119519324455992,0.015302957202757771,0.7434742790278323,0.7585601404741001,6.507048110662846e-08,1.1712686599193124e-06,arm
uni_rank_cartlabor_norsl,Uni,Rank_cartlabor,noRSL,reorder_churn,75,38682.0,38676.0,0.011056990393823253,0.007814127943321526,0.014859820598056739,0.5827688475637409,0.6136962247585601,1.2386523453253819e-05,6.165935943165341e-05,arm
uni_rank_minlabor_norsl,Uni,Rank_minlabor,noRSL,reorder_churn,75,38682.0,38965.0,-0.7211746459269617,-0.7791256714883149,-0.699462071011012,-2.796113530492847,-1.0,1.1316605963566829e-13,3.16831395284276e-12,baseline
uni_rank_maxlabor_norsl,Uni,Rank_maxlabor,noRSL,reorder_churn,75,38682.0,38675.0,0.011172029951236347,0.00682407533779173,0.015712682379349044,0.5694703484783272,0.6049689440993788,1.2331871886330684e-05,6.165935943165341e-05,arm
uni_map_norsl,Uni,Map,noRSL,reorder_churn,75,38682.0,38671.0,0.011707242450542634,0.008346493229635028,0.015703155023169435,0.7310731549993745,0.760576923076923,1.1809303448955659e-07,1.4933437669762092e-06,arm
uni_map_rank_norsl,Uni,Map_rank,noRSL,reorder_churn,75,38682.0,38677.0,0.012921790032910618,0.008239590699035017,0.016237573745647427,0.6798002921980263,0.6816901408450704,6.993351589006195e-07,5.594681271204956e-06,arm
uni_cluster_map_norsl,Uni,CluMap,noRSL,reorder_churn,75,38682.0,39041.0,-0.8807167998223512,-0.9200007305568673,-0.8538514849467136,-2.9474919698046738,-1.0,1.1317805070755843e-13,3.16831395284276e-12,baseline
uni_cluster_map_rank_norsl,Uni,CluMapRk,noRSL,reorder_churn,75,38682.0,39005.0,-0.8619614133266496,-0.8979554245717444,-0.8204590726807452,-2.924180991385626,-1.0,1.1315406974438429e-13,3.16831395284276e-12,baseline
uni_tmin_norsl,Uni,TripMin,noRSL,reorder_churn,75,38682.0,38673.0,0.013210503415632865,0.0071581961345740875,0.01637643976199574,0.7132399717284454,0.744988344988345,1.7255874156746217e-07,1.6815109940474802e-06,arm
uni_tmax_norsl,Uni,TripMax,noRSL,reorder_churn,75,38682.0,38676.0,0.013454885311540004,0.006610140070160767,0.01637643976199574,0.7065446840879723,0.7301790281329923,1.6231042646252908e-07,1.6815109940474802e-06,arm
uni_cmax_norsl,Uni,MaxClu,noRSL,reorder_churn,75,38682.0,38677.0,0.011442695699919498,0.008377782121812952,0.01607930636173856,0.7326096394426213,0.7399585921325051,8.784375099860054e-08,1.4933437669762092e-06,arm
uni_cmin_norsl,Uni,MinClu,noRSL,reorder_churn,75,38682.0,38674.0,0.01099812017591651,0.006545573555882834,0.016619577862722286,0.6398129759031626,0.6852502194907814,1.0642845065644526e-06,7.449991545951168e-06,arm
uni_comp_norsl,Uni,Compact,noRSL,reorder_churn,75,38682.0,39039.0,-0.9132227859966677,-0.9449986841790473,-0.8523932579935974,-2.895660814035228,-1.0,1.1316605963566829e-13,3.16831395284276e-12,baseline
uni_expn_norsl,Uni,Expand,noRSL,reorder_churn,75,38682.0,39057.0,-0.9448567745615266,-0.9761372511287028,-0.8900423823200683,-2.931204709837031,-1.0,1.1315406974438429e-13,3.16831395284276e-12,baseline
opt_fifo_norsl,Opt,FIFO,noRSL,reorder_churn,75,38682.0,38682.0,0.0,0.0,0.0,0.0,0.0,1.0,1.0,tie
opt_rank_random_norsl,Opt,Rank_random,noRSL,reorder_churn,75,38682.0,38680.0,0.0030270389871167192,-0.003412037668895865,0.007713966135688665,0.01644283263155263,0.04033485540334855,0.7658940761858581,1.0,arm
opt_rank_popularity_norsl,Opt,Rank_popularity,noRSL,reorder_churn,75,38682.0,38669.0,0.01151059013187649,0.008638873260977675,0.014331524822461882,0.7254947710125036,0.7253521126760564,1.0571759156028275e-07,1.4933437669762092e-06,arm
opt_rank_labor_norsl,Opt,Rank_labor,noRSL,reorder_churn,75,38682.0,38673.0,0.015015310133746,0.010622477161674103,0.017762855475211087,0.7777931525746636,0.7622377622377622,8.92651174718514e-08,1.4933437669762092e-06,arm
opt_rank_cartlabor_norsl,Opt,Rank_cartlabor,noRSL,reorder_churn,75,38682.0,38675.0,0.013322141606408315,0.00931648458372213,0.018069010387104165,0.7310004658720529,0.7323943661971831,9.793174759683926e-08,1.4933437669762092e-06,arm
opt_rank_minlabor_norsl,Opt,Rank_minlabor,noRSL,reorder_churn,75,38682.0,38981.0,-0.8045945361115723,-0.8312159709618875,-0.7739611001161742,-3.37970793239635,-1.0,7.727154163680991e-14,2.5468076908636403e-12,baseline
opt_rank_maxlabor_norsl,Opt,Rank_maxlabor,noRSL,reorder_churn,75,38682.0,38681.0,0.013558082071798464,0.010333033169351203,0.01581642278173639,0.7790132791016698,0.7496087636932708,3.9228049951679505e-08,7.845609990335901e-07,arm
opt_map_norsl,Opt,Map,noRSL,reorder_churn,75,38682.0,38676.0,0.014081041213579037,0.00964245766961083,0.016760768132198026,0.7070473267277904,0.7214611872146118,1.0070700475269912e-07,1.4933437669762092e-06,arm
opt_map_rank_norsl,Opt,Map_rank,noRSL,reorder_churn,75,38682.0,38672.0,0.01336626242111181,0.0073527722559537725,0.0157424877405259,0.7663157576266938,0.7468701095461658,4.3902637418427354e-08,8.341501109501197e-07,arm
opt_cluster_map_norsl,Opt,CluMap,noRSL,reorder_churn,75,38682.0,39044.0,-0.9341466383218533,-0.9644639191999518,-0.9067063890418057,-3.7048906810235724,-1.0,7.717599063223152e-14,2.5468076908636403e-12,baseline
opt_cluster_map_rank_norsl,Opt,CluMapRk,noRSL,reorder_churn,75,38682.0,39037.0,-0.900923514873059,-0.927912392736999,-0.8768492211227589,-3.738222172595536,-1.0,7.729544657635994e-14,2.5468076908636403e-12,baseline
opt_tmin_norsl,Opt,TripMin,noRSL,reorder_churn,75,38682.0,38671.0,0.015526488373871111,0.010941269394349458,0.017895490336435216,0.8534809498458253,0.8078674948240165,5.2518649882894515e-09,1.1554102974236793e-07,arm
opt_tmax_norsl,Opt,TripMax,noRSL,reorder_churn,75,38682.0,38673.0,0.016729179884902308,0.010635820256445863,0.01982029598308668,0.9016817526943668,0.8177321156773212,1.5797646796367555e-09,3.633458763164538e-08,arm
opt_cmax_norsl,Opt,MaxClu,noRSL,reorder_churn,75,38682.0,38669.0,0.01347047634774658,0.009681070987132306,0.017083510473931043,0.7520638744530498,0.7706734867860188,3.2099460548325994e-08,6.740886715148459e-07,arm
opt_cmin_norsl,Opt,MinClu,noRSL,reorder_churn,75,38682.0,38675.0,0.014672494195949149,0.010871337835881057,0.018856657971652157,0.7304255897299506,0.7211267605633803,1.528646358224982e-07,1.6815109940474802e-06,arm
opt_comp_norsl,Opt,Compact,noRSL,reorder_churn,75,38682.0,39037.0,-0.9514373576653763,-0.9778012684989429,-0.9327815491222795,-3.6604632845137735,-1.0,7.72078287481883e-14,2.5468076908636403e-12,baseline
opt_expn_norsl,Opt,Expand,noRSL,reorder_churn,75,38682.0,39085.0,-0.9972248745124594,-1.0462143559488692,-0.9501748251748252,-3.475724462267312,-1.0,7.727154163680991e-14,2.5468076908636403e-12,baseline
