metric,grouping,better,group_channel,n,n_pos,n_neg,n_zero,n_nan,win_rate,p_sign,ci_lo,ci_hi,median,q1,q3,iqr,min,max,group_assignment,group_scheduler
thr_gain_vs_ref_pct,channel,higher,fulfillment,68,68,0,0,0,1.0,3.3881317890172014e-21,0.956901435179904,1.0,5.482879369194538,5.29124370796249,13.170966594540456,7.879722886577966,4.687984047840343,21.455478565397446,,
thr_gain_vs_ref_pct,channel,higher,store,68,68,0,0,0,1.0,3.3881317890172014e-21,0.956901435179904,1.0,44.840495309769224,43.0124597738401,53.38726618627753,10.37480641243743,39.83791027680654,66.17664688299605,,
thr_gain_vs_ref_pct,channel,higher,,136,136,0,0,0,1.0,1.1479437019748901e-41,0.9782133893889967,1.0,30.64669442110199,5.487781865582897,44.8163662690377,39.328584403454805,4.687984047840343,66.17664688299605,,
thr_gain_vs_ref_pct,channel_x_rule,higher,fulfillment,4,4,0,0,0,1.0,0.0625,0.472870804501588,1.0,17.964752722388056,15.867918616978038,20.216134009153585,4.348215392175547,15.756956638902885,20.790737531295278,cluster_map,
thr_gain_vs_ref_pct,channel_x_rule,higher,fulfillment,4,4,0,0,0,1.0,0.0625,0.472870804501588,1.0,18.097371844932333,16.28803506700786,20.176151719400977,3.8881166523931157,15.817037510643917,21.455478565397446,cluster_map_rank,
thr_gain_vs_ref_pct,channel_x_rule,higher,fulfillment,4,4,0,0,0,1.0,0.0625,0.472870804501588,1.0,17.11125543666666,16.68978026822639,17.202453509718296,0.5126732414919069,15.503985305156265,17.397417186622512,cmax,
thr_gain_vs_ref_pct,channel_x_rule,higher,fulfillment,4,4,0,0,0,1.0,0.0625,0.472870804501588,1.0,5.076644475284886,4.975376271327997,5.1246031701172035,0.14922689878920625,4.687984047840343,5.252066866231142,cmin,
thr_gain_vs_ref_pct,channel_x_rule,higher,fulfillment,4,4,0,0,0,1.0,0.0625,0.472870804501588,1.0,16.894262458717392,15.008527845364661,18.82112280905833,3.8125949636936696,14.889383376812892,19.063644488574717,comp,
thr_gain_vs_ref_pct,channel_x_rule,higher,fulfillment,4,4,0,0,0,1.0,0.0625,0.472870804501588,1.0,9.073660134130511,8.852696973909868,9.18169210458633,0.32899513067646247,8.487455477018923,9.208140032182799,expn,
thr_gain_vs_ref_pct,channel_x_rule,higher,fulfillment,4,4,0,0,0,1.0,0.0625,0.472870804501588,1.0,5.268559407523643,5.064044438629467,5.473074376417819,0.40902993778835217,5.064044438629467,5.473074376417819,fifo,
thr_gain_vs_ref_pct,channel_x_rule,higher,fulfillment,4,4,0,0,0,1.0,0.0625,0.472870804501588,1.0,5.598585184620153,5.413280704362666,5.826936937436622,0.41365623307395616,5.335498877000244,6.033860582475992,map,
thr_gain_vs_ref_pct,channel_x_rule,higher,fulfillment,4,4,0,0,0,1.0,0.0625,0.472870804501588,1.0,5.919406693811469,5.615807642692344,6.166187028509473,0.5503793858171289,5.441154640860879,6.170383881077579,map_rank,
thr_gain_vs_ref_pct,channel_x_rule,higher,fulfillment,4,4,0,0,0,1.0,0.0625,0.472870804501588,1.0,5.27052009249529,5.232775587466554,5.318016368541922,0.08524078107536859,5.204749437528822,5.375297831533343,rank_cartlabor,
thr_gain_vs_ref_pct,channel_x_rule,higher,fulfillment,4,4,0,0,0,1.0,0.0625,0.472870804501588,1.0,5.407721592504644,5.371629548888785,5.439097888099292,0.06746833921050754,5.303895830953187,5.492684361971256,rank_labor,
thr_gain_vs_ref_pct,channel_x_rule,higher,fulfillment,4,4,0,0,0,1.0,0.0625,0.472870804501588,1.0,5.106992133548416,4.948914960448208,5.257177327472512,0.30826236702430343,4.835882516498424,5.346533833893963,rank_maxlabor,
thr_gain_vs_ref_pct,channel_x_rule,higher,fulfillment,4,4,0,0,0,1.0,0.0625,0.472870804501588,1.0,12.402882664092353,11.748484162638533,13.170966594540456,1.4224824319019227,11.561624278650818,13.698882765511033,rank_minlabor,
thr_gain_vs_ref_pct,channel_x_rule,higher,fulfillment,4,4,0,0,0,1.0,0.0625,0.472870804501588,1.0,5.289085773381763,5.249543207317576,5.329288046972369,0.07974483965479351,5.143863116609371,5.436947260259828,rank_popularity,
thr_gain_vs_ref_pct,channel_x_rule,higher,fulfillment,4,4,0,0,0,1.0,0.0625,0.472870804501588,1.0,5.350134022395392,5.261538489218237,5.452332952840272,0.19079446362203445,5.243521500424664,5.511160133437021,rank_random,
thr_gain_vs_ref_pct,channel_x_rule,higher,fulfillment,4,4,0,0,0,1.0,0.0625,0.472870804501588,1.0,5.365220715978225,5.285264250813581,5.387980287947608,0.10271603713402655,5.0617383756649925,5.439915483510416,tmax,
thr_gain_vs_ref_pct,channel_x_rule,higher,fulfillment,4,4,0,0,0,1.0,0.0625,0.472870804501588,1.0,5.656484775248405,5.535406979545732,5.7008341728231215,0.16542719327738986,5.188610792386128,5.817445165598856,tmin,
thr_gain_vs_ref_pct,channel_x_rule,higher,store,4,4,0,0,0,1.0,0.0625,0.472870804501588,1.0,53.85907245012942,52.98492765529358,55.19012297317879,2.205195317885206,52.735155683531154,56.81061212958183,cluster_map,
thr_gain_vs_ref_pct,channel_x_rule,higher,store,4,4,0,0,0,1.0,0.0625,0.472870804501588,1.0,54.843970536155915,53.72823226575515,56.411033089024556,2.682800823269403,51.87939964061985,59.61383856156348,cluster_map_rank,
thr_gain_vs_ref_pct,channel_x_rule,higher,store,4,4,0,0,0,1.0,0.0625,0.472870804501588,1.0,57.95478841216824,55.93486754418032,59.65424861606468,3.7193810718843565,54.56845837415625,60.05927579381427,cmax,
thr_gain_vs_ref_pct,channel_x_rule,higher,store,4,4,0,0,0,1.0,0.0625,0.472870804501588,1.0,41.33504626748244,40.98482996159167,41.54758239172091,0.5627524301292368,40.10552806273493,42.01384374562074,cmin,
thr_gain_vs_ref_pct,channel_x_rule,higher,store,4,4,0,0,0,1.0,0.0625,0.472870804501588,1.0,58.81875041479895,56.172213687419884,62.27287774888268,6.100664061462794,54.69121637342052,66.17664688299605,comp,
thr_gain_vs_ref_pct,channel_x_rule,higher,store,4,4,0,0,0,1.0,0.0625,0.472870804501588,1.0,41.444464931135194,40.84582956388737,42.29748487835359,1.4516553144662225,39.83791027680654,44.06855790534616,expn,
thr_gain_vs_ref_pct,channel_x_rule,higher,store,4,4,0,0,0,1.0,0.0625,0.472870804501588,1.0,42.63377480853238,41.07634557966073,44.19120403740402,3.1148584577432885,41.07634557966073,44.19120403740402,fifo,
thr_gain_vs_ref_pct,channel_x_rule,higher,store,4,4,0,0,0,1.0,0.0625,0.472870804501588,1.0,43.97933354041112,42.487359609941535,45.470683880305195,2.98332427036366,41.70974519612272,46.2464275223975,map,
thr_gain_vs_ref_pct,channel_x_rule,higher,store,4,4,0,0,0,1.0,0.0625,0.472870804501588,1.0,43.880934010686474,42.46921626593739,45.14946895678828,2.6802526908508923,41.94762642935888,45.241510397424946,map_rank,
thr_gain_vs_ref_pct,channel_x_rule,higher,store,4,4,0,0,0,1.0,0.0625,0.472870804501588,1.0,45.100327323899634,44.663803067845535,45.54925880954255,0.8854557416970152,44.278500586463586,45.971782979690936,rank_cartlabor,
thr_gain_vs_ref_pct,channel_x_rule,higher,store,4,4,0,0,0,1.0,0.0625,0.472870804501588,1.0,45.25743935802568,44.799341960704474,45.78606197883966,0.9867200181351876,44.5311076691211,46.26587194090139,rank_labor,
thr_gain_vs_ref_pct,channel_x_rule,higher,store,4,4,0,0,0,1.0,0.0625,0.472870804501588,1.0,43.20626964378401,42.62300914759797,43.880682864402885,1.2576737168049164,42.53215164892188,44.244998536377445,rank_maxlabor,
thr_gain_vs_ref_pct,channel_x_rule,higher,store,4,4,0,0,0,1.0,0.0625,0.472870804501588,1.0,57.055354907655,56.031842644210954,58.18969538661141,2.1578527424004577,55.294285178656956,59.25973749870253,rank_minlabor,
thr_gain_vs_ref_pct,channel_x_rule,higher,store,4,4,0,0,0,1.0,0.0625,0.472870804501588,1.0,44.7457660923878,43.568318915905586,45.818547700816254,2.250228784910668,42.63017123861725,46.442698673943326,rank_popularity,
thr_gain_vs_ref_pct,channel_x_rule,higher,store,4,4,0,0,0,1.0,0.0625,0.472870804501588,1.0,44.230130161441565,42.98411075809129,45.36925051050909,2.3851397524177997,42.5681445619045,45.46451954384767,rank_random,
thr_gain_vs_ref_pct,channel_x_rule,higher,store,4,4,0,0,0,1.0,0.0625,0.472870804501588,1.0,44.273306474024444,43.8149056591476,44.55991733608552,0.7450116769379207,43.101091560270866,44.75836157651496,tmax,
thr_gain_vs_ref_pct,channel_x_rule,higher,store,4,4,0,0,0,1.0,0.0625,0.472870804501588,1.0,44.4979118530822,44.13252164324791,44.85879890784976,0.7262772646018476,43.68916433170011,45.28864675419737,tmin,
thr_gain_vs_ref_pct,channel_x_rule,higher,,136,136,0,0,0,1.0,1.1479437019748901e-41,0.9782133893889967,1.0,30.64669442110199,5.487781865582897,44.8163662690377,39.328584403454805,4.687984047840343,66.17664688299605,,
thr_gain_vs_ref_pct,scheduler,higher,,136,136,0,0,0,1.0,1.1479437019748901e-41,0.9782133893889967,1.0,30.64669442110199,5.487781865582897,44.8163662690377,39.328584403454805,4.687984047840343,66.17664688299605,,lpt
thr_gain_vs_ref_pct,scheduler,higher,,136,136,0,0,0,1.0,1.1479437019748901e-41,0.9782133893889967,1.0,30.64669442110199,5.487781865582897,44.8163662690377,39.328584403454805,4.687984047840343,66.17664688299605,,
auc_gain_vs_ref_pct,channel,higher,fulfillment,68,68,0,0,0,1.0,3.3881317890172014e-21,0.956901435179904,1.0,5.459427324865237,5.231757680377619,13.140408633373973,7.908650952996354,4.6518738461648415,21.081043570856437,,
auc_gain_vs_ref_pct,channel,higher,store,68,68,0,0,0,1.0,3.3881317890172014e-21,0.956901435179904,1.0,44.96385659724062,42.89015683098335,50.80271347292944,7.9125566419460895,40.03169281987589,65.07802537359542,,
auc_gain_vs_ref_pct,channel,higher,,136,136,0,0,0,1.0,1.1479437019748901e-41,0.9782133893889967,1.0,30.556368195366165,5.475975658873405,44.85613581334508,39.380160154471675,4.6518738461648415,65.07802537359542,,
auc_gain_vs_ref_pct,channel_x_rule,higher,fulfillment,4,4,0,0,0,1.0,0.0625,0.472870804501588,1.0,16.91615941663873,14.305348749205582,19.479137926240092,5.173789177034511,13.420867174139623,20.220123027810686,cluster_map,
auc_gain_vs_ref_pct,channel_x_rule,higher,fulfillment,4,4,0,0,0,1.0,0.0625,0.472870804501588,1.0,17.16836497184881,15.671984853111644,18.946549089929924,3.2745642368182803,14.382902370216962,21.081043570856437,cluster_map_rank,
auc_gain_vs_ref_pct,channel_x_rule,higher,fulfillment,4,4,0,0,0,1.0,0.0625,0.472870804501588,1.0,16.557710998845895,14.846240059153768,18.13501298705274,3.2887729278989717,14.12182877849076,18.456917413259895,cmax,
auc_gain_vs_ref_pct,channel_x_rule,higher,fulfillment,4,4,0,0,0,1.0,0.0625,0.472870804501588,1.0,5.151595731432836,4.943154776849915,5.273178854026677,0.33002407717676174,4.6518738461648415,5.30388628874451,cmin,
auc_gain_vs_ref_pct,channel_x_rule,higher,fulfillment,4,4,0,0,0,1.0,0.0625,0.472870804501588,1.0,16.09880098786293,14.543117566839069,17.410690690578125,2.8675731237390565,13.136932989295808,18.085494113195395,comp,
auc_gain_vs_ref_pct,channel_x_rule,higher,fulfillment,4,4,0,0,0,1.0,0.0625,0.472870804501588,1.0,9.899692009171925,9.057038702043988,10.507448397309256,1.450409695265268,7.953879317974908,10.905917024406506,expn,
auc_gain_vs_ref_pct,channel_x_rule,higher,fulfillment,4,4,0,0,0,1.0,0.0625,0.472870804501588,1.0,5.224020185254728,5.15015786575691,5.297882504752546,0.14772463899563615,5.15015786575691,5.297882504752546,fifo,
auc_gain_vs_ref_pct,channel_x_rule,higher,fulfillment,4,4,0,0,0,1.0,0.0625,0.472870804501588,1.0,5.605657488837311,5.493903161565269,5.687261429300584,0.19335826773531473,5.379536738871597,5.711176691567949,map,
auc_gain_vs_ref_pct,channel_x_rule,higher,fulfillment,4,4,0,0,0,1.0,0.0625,0.472870804501588,1.0,6.022285900168885,5.93236355357235,6.040127996497936,0.10776444292558551,5.69209326116756,6.0641575381002735,map_rank,
auc_gain_vs_ref_pct,channel_x_rule,higher,fulfillment,4,4,0,0,0,1.0,0.0625,0.472870804501588,1.0,5.156298467772262,5.065717074876657,5.238594202187186,0.17287712731052896,4.9899826237065925,5.289471677915207,rank_cartlabor,
auc_gain_vs_ref_pct,channel_x_rule,higher,fulfillment,4,4,0,0,0,1.0,0.0625,0.472870804501588,1.0,5.347103314626528,5.2596325873529235,5.399400990294806,0.13976840294188264,5.1271837659828465,5.426330656848899,rank_labor,
auc_gain_vs_ref_pct,channel_x_rule,higher,fulfillment,4,4,0,0,0,1.0,0.0625,0.472870804501588,1.0,4.975868875457702,4.9026159991148806,5.035882886709983,0.1332668875951022,4.788961219613852,5.109821070939391,rank_maxlabor,
auc_gain_vs_ref_pct,channel_x_rule,higher,fulfillment,4,4,0,0,0,1.0,0.0625,0.472870804501588,1.0,12.30844445760254,11.26726631372564,13.307800912140056,2.040534598414416,10.670905206112721,13.778696951734831,rank_minlabor,
auc_gain_vs_ref_pct,channel_x_rule,higher,fulfillment,4,4,0,0,0,1.0,0.0625,0.472870804501588,1.0,5.243912417628442,5.227403130082541,5.270145985984909,0.04274285590236815,5.208299233198749,5.318422725300396,rank_popularity,
auc_gain_vs_ref_pct,channel_x_rule,higher,fulfillment,4,4,0,0,0,1.0,0.0625,0.472870804501588,1.0,5.290739640476289,5.269933805349103,5.309146399060781,0.03921259371167807,5.253690264817066,5.318192709964731,rank_random,
auc_gain_vs_ref_pct,channel_x_rule,higher,fulfillment,4,4,0,0,0,1.0,0.0625,0.472870804501588,1.0,5.185493361036745,5.1031005623721235,5.243727348590915,0.14062678621879154,4.976594386405209,5.297757091226477,tmax,
auc_gain_vs_ref_pct,channel_x_rule,higher,fulfillment,4,4,0,0,0,1.0,0.0625,0.472870804501588,1.0,5.495125109652988,5.414653723002789,5.498090739664862,0.08343701666207348,5.181042913366435,5.499184279386242,tmin,
auc_gain_vs_ref_pct,channel_x_rule,higher,store,4,4,0,0,0,1.0,0.0625,0.472870804501588,1.0,52.18717932540798,50.38654838849089,53.37246224846547,2.9859138599745805,48.42515171872253,53.487814876655,cluster_map,
auc_gain_vs_ref_pct,channel_x_rule,higher,store,4,4,0,0,0,1.0,0.0625,0.472870804501588,1.0,52.03364433432576,50.59523936138322,53.977192372976496,3.381953011593275,49.230049071991125,56.857811859493246,cluster_map_rank,
auc_gain_vs_ref_pct,channel_x_rule,higher,store,4,4,0,0,0,1.0,0.0625,0.472870804501588,1.0,56.92688192738825,55.12987973156914,57.507206337589345,2.3773266060202047,51.47428124539921,57.512771466905235,cmax,
auc_gain_vs_ref_pct,channel_x_rule,higher,store,4,4,0,0,0,1.0,0.0625,0.472870804501588,1.0,41.295658165213155,40.96887715767135,41.36819867244999,0.39932151477864153,40.03169281987589,41.542661509330586,cmin,
auc_gain_vs_ref_pct,channel_x_rule,higher,store,4,4,0,0,0,1.0,0.0625,0.472870804501588,1.0,55.13023880582589,52.33796186877051,59.307778234475855,6.969816365705341,50.7235022044347,65.07802537359542,comp,
auc_gain_vs_ref_pct,channel_x_rule,higher,store,4,4,0,0,0,1.0,0.0625,0.472870804501588,1.0,41.39804768444845,40.877728099667216,42.274763153986385,1.3970350543191685,40.56460145964166,43.657077448282045,expn,
auc_gain_vs_ref_pct,channel_x_rule,higher,store,4,4,0,0,0,1.0,0.0625,0.472870804501588,1.0,43.060790735871414,41.477213780856815,44.644367690886014,3.1671539100291994,41.477213780856815,44.644367690886014,fifo,
auc_gain_vs_ref_pct,channel_x_rule,higher,store,4,4,0,0,0,1.0,0.0625,0.472870804501588,1.0,44.46762369015184,43.427958833345976,45.35769232394791,1.929733490601933,42.443987687568,45.89287480069651,map,
auc_gain_vs_ref_pct,channel_x_rule,higher,store,4,4,0,0,0,1.0,0.0625,0.472870804501588,1.0,44.81459142673678,43.436399105655106,45.97314566003431,2.5367465543792065,42.44397713176981,46.30665337056714,map_rank,
auc_gain_vs_ref_pct,channel_x_rule,higher,store,4,4,0,0,0,1.0,0.0625,0.472870804501588,1.0,44.53857554270756,43.73654958095979,45.66841705749498,1.9318674765351886,43.58273902620512,46.80567427136858,rank_cartlabor,
auc_gain_vs_ref_pct,channel_x_rule,higher,store,4,4,0,0,0,1.0,0.0625,0.472870804501588,1.0,44.81482858570527,43.77700472704965,45.86510959574026,2.088104868690607,43.60462276266777,46.0748630142602,rank_labor,
auc_gain_vs_ref_pct,channel_x_rule,higher,store,4,4,0,0,0,1.0,0.0625,0.472870804501588,1.0,43.1474378297566,42.46367079243941,43.86815347097769,1.4044826785382796,41.9720802847014,44.470589790427404,rank_maxlabor,
auc_gain_vs_ref_pct,channel_x_rule,higher,store,4,4,0,0,0,1.0,0.0625,0.472870804501588,1.0,54.11345111333111,53.18957843516573,54.828638186251695,1.6390597510859664,51.90464856860143,55.4875112370816,rank_minlabor,
auc_gain_vs_ref_pct,channel_x_rule,higher,store,4,4,0,0,0,1.0,0.0625,0.472870804501588,1.0,44.157153984748994,42.775400712497905,45.65369889784538,2.878298185347475,42.16850982107697,46.60496471180222,rank_popularity,
auc_gain_vs_ref_pct,channel_x_rule,higher,store,4,4,0,0,0,1.0,0.0625,0.472870804501588,1.0,43.7588124797122,41.757247077634034,45.905991750709624,4.148744673075591,41.6332568067109,46.46682362839054,rank_random,
auc_gain_vs_ref_pct,channel_x_rule,higher,store,4,4,0,0,0,1.0,0.0625,0.472870804501588,1.0,43.766051546494495,43.31787243238462,44.16312389499506,0.8452514626104417,42.135202873182756,45.19247315736895,tmax,
auc_gain_vs_ref_pct,channel_x_rule,higher,store,4,4,0,0,0,1.0,0.0625,0.472870804501588,1.0,44.13244638343222,43.475757733780966,44.943013039086324,1.4672553053053576,43.35359772287916,45.5268070679967,tmin,
auc_gain_vs_ref_pct,channel_x_rule,higher,,136,136,0,0,0,1.0,1.1479437019748901e-41,0.9782133893889967,1.0,30.556368195366165,5.475975658873405,44.85613581334508,39.380160154471675,4.6518738461648415,65.07802537359542,,
auc_gain_vs_ref_pct,scheduler,higher,,136,136,0,0,0,1.0,1.1479437019748901e-41,0.9782133893889967,1.0,30.556368195366165,5.475975658873405,44.85613581334508,39.380160154471675,4.6518738461648415,65.07802537359542,,lpt
auc_gain_vs_ref_pct,scheduler,higher,,136,136,0,0,0,1.0,1.1479437019748901e-41,0.9782133893889967,1.0,30.556368195366165,5.475975658873405,44.85613581334508,39.380160154471675,4.6518738461648415,65.07802537359542,,
labor_delta_vs_ref_pct,channel,higher,fulfillment,68,35,33,0,0,0.5147058823529411,0.45179867284175634,0.4087428911189553,1.0,0.00012227596452030198,-0.004316182211633324,0.005853901712798981,0.010170083924432305,-0.020577775542407473,0.01655967099023492,,
labor_delta_vs_ref_pct,channel,higher,store,68,26,42,0,0,0.38235294117647056,0.9807699733255363,0.28353865330039835,1.0,-0.003600421570221224,-0.013780767484089518,0.00842639831719616,0.022207165801285678,-0.04096295313417153,0.06791898681952624,,
labor_delta_vs_ref_pct,channel,higher,,136,61,75,0,0,0.4485294117647059,0.9009093293185154,0.37609022713764667,1.0,-0.0008003348000995558,-0.008311104034708361,0.006582854039655084,0.014893958074363445,-0.04096295313417153,0.06791898681952624,,
labor_delta_vs_ref_pct,channel_x_rule,higher,fulfillment,4,2,2,0,0,0.5,0.6875,0.09761146288641435,1.0,0.0011099794008928576,-0.0009040089786555017,0.004945948513390697,0.005849957492046198,-0.0011480315902479,0.010655913323831534,cluster_map,
labor_delta_vs_ref_pct,channel_x_rule,higher,fulfillment,4,2,2,0,0,0.5,0.6875,0.09761146288641435,1.0,-0.00017020777670073706,-0.0038835226724653893,0.004109834661447653,0.007993357333913043,-0.013644390002298667,0.015570884618432146,cluster_map_rank,
labor_delta_vs_ref_pct,channel_x_rule,higher,fulfillment,4,1,3,0,0,0.25,0.9375,0.012741455098576234,1.0,-0.002184057048465471,-0.0037681096394681646,-0.0006522022892918589,0.0031159073501763057,-0.0052829970271006665,0.0007060916028533981,cmax,
labor_delta_vs_ref_pct,channel_x_rule,higher,fulfillment,4,1,3,0,0,0.25,0.9375,0.012741455098576234,1.0,-0.003817574210357444,-0.004962883666831397,-0.000723975934421861,0.004238907732409536,-0.006567689809888755,0.006725696667020387,cmin,
labor_delta_vs_ref_pct,channel_x_rule,higher,fulfillment,4,2,2,0,0,0.5,0.6875,0.09761146288641435,1.0,-0.00289746602029628,-0.010542028189655661,0.0034494928948969328,0.013991521084552594,-0.020577775542407473,0.009592430485150238,comp,
labor_delta_vs_ref_pct,channel_x_rule,higher,fulfillment,4,4,0,0,0,1.0,0.0625,0.472870804501588,1.0,0.00765432165582558,0.005808789504135881,0.009127560329785789,0.0033187708256499082,0.003281503947705211,0.010537965453027986,expn,
labor_delta_vs_ref_pct,channel_x_rule,higher,fulfillment,4,2,2,0,0,0.5,0.6875,0.09761146288641435,1.0,-0.005737708800512831,-0.012540142245387464,0.001064724644361803,0.013604866889749268,-0.012540142245387464,0.001064724644361803,fifo,
labor_delta_vs_ref_pct,channel_x_rule,higher,fulfillment,4,4,0,0,0,1.0,0.0625,0.472870804501588,1.0,0.006605227878420106,0.0030558138841285665,0.00973808476828486,0.006682270884156294,0.0006085727499716143,0.010935654589161459,map,
labor_delta_vs_ref_pct,channel_x_rule,higher,fulfillment,4,3,1,0,0,0.75,0.3125,0.24860462573018155,1.0,0.004873025038931722,0.0008555053936210033,0.010156081480611201,0.009300576086990198,-0.0005355615412705461,0.015343758804609031,map_rank,
labor_delta_vs_ref_pct,channel_x_rule,higher,fulfillment,4,1,3,0,0,0.25,0.9375,0.012741455098576234,1.0,-0.006259310381950822,-0.009123195994270583,-0.0015634029639222113,0.007559793030348372,-0.011773702246098416,0.006583168705032172,rank_cartlabor,
labor_delta_vs_ref_pct,channel_x_rule,higher,fulfillment,4,2,2,0,0,0.5,0.6875,0.09761146288641435,1.0,-0.0002600069889002743,-0.0018996033321921901,0.0019962525819428034,0.0038958559141349935,-0.004636110218791956,0.0065827491511960545,rank_labor,
labor_delta_vs_ref_pct,channel_x_rule,higher,fulfillment,4,0,4,0,0,0.0,1.0,0.0,1.0,-0.0007448186197189788,-0.0027571132654585773,-0.0006718712012770967,0.0020852420641814806,-0.008694448585611081,-0.0005525775630177421,rank_maxlabor,
labor_delta_vs_ref_pct,channel_x_rule,higher,fulfillment,4,3,1,0,0,0.75,0.3125,0.24860462573018155,1.0,0.0032403344803699774,-0.004677154666274386,0.006947403634488536,0.011624558300762922,-0.019214197477179784,0.00885318646781652,rank_minlabor,
labor_delta_vs_ref_pct,channel_x_rule,higher,fulfillment,4,2,2,0,0,0.5,0.6875,0.09761146288641435,1.0,-0.002595020923357172,-0.006171114916170284,0.00023601102735471002,0.006407125943524994,-0.008886257149498533,0.0007159671343792695,rank_popularity,
labor_delta_vs_ref_pct,channel_x_rule,higher,fulfillment,4,2,2,0,0,0.5,0.6875,0.09761146288641435,1.0,0.00035963973489816503,-0.0022009396307809403,0.005256475317511056,0.007457414948291996,-0.006247307773132871,0.016311612110664342,rank_random,
labor_delta_vs_ref_pct,channel_x_rule,higher,fulfillment,4,3,1,0,0,0.75,0.3125,0.24860462573018155,1.0,0.0036909115626260203,0.0009906423752176208,0.007944274930188344,0.006953632554970723,-0.002965471144367182,0.01655967099023492,tmax,
labor_delta_vs_ref_pct,channel_x_rule,higher,fulfillment,4,1,3,0,0,0.25,0.9375,0.012741455098576234,1.0,-0.0026448424474412313,-0.004364169683079844,-0.00022667919370722434,0.004137490489372619,-0.008195495542884235,0.00570115472038335,tmin,
labor_delta_vs_ref_pct,channel_x_rule,higher,store,4,3,1,0,0,0.75,0.3125,0.24860462573018155,1.0,0.024166668101044397,0.013800712292677542,0.031206189089960645,0.017405476797283104,-0.009513836558272537,0.0445414334825589,cluster_map,
labor_delta_vs_ref_pct,channel_x_rule,higher,store,4,2,2,0,0,0.5,0.6875,0.09761146288641435,1.0,-0.0017999724868711375,-0.01461277021853058,0.009066243899746862,0.02367901411827744,-0.025507738579966244,0.014121468226058198,cluster_map_rank,
labor_delta_vs_ref_pct,channel_x_rule,higher,store,4,2,2,0,0,0.5,0.6875,0.09761146288641435,1.0,-0.005609776843190639,-0.01285776936634786,0.003142053530830191,0.01599982289717805,-0.015591605137277309,0.01038740285435047,cmax,
labor_delta_vs_ref_pct,channel_x_rule,higher,store,4,1,3,0,0,0.25,0.9375,0.012741455098576234,1.0,-0.021597826434233136,-0.03794286590758644,0.001643649532301339,0.03958651543988778,-0.04096295313417153,0.025353046238429933,cmin,
labor_delta_vs_ref_pct,channel_x_rule,higher,store,4,0,4,0,0,0.0,1.0,0.0,1.0,-0.01611297406809431,-0.022647871113215534,-0.012264998381011916,0.010382872732203619,-0.03628750027361294,-0.006686133294731,comp,
labor_delta_vs_ref_pct,channel_x_rule,higher,store,4,1,3,0,0,0.25,0.9375,0.012741455098576234,1.0,-0.007895338200913926,-0.01705215209743538,0.0016149210925187063,0.018667073189954086,-0.027210158529822337,0.012833263715639198,expn,
labor_delta_vs_ref_pct,channel_x_rule,higher,store,4,0,4,0,0,0.0,1.0,0.0,1.0,-0.02002428261500544,-0.021893329426636576,-0.018155235803374303,0.003738093623262273,-0.021893329426636576,-0.018155235803374303,fifo,
labor_delta_vs_ref_pct,channel_x_rule,higher,store,4,3,1,0,0,0.75,0.3125,0.24860462573018155,1.0,0.004126283612004844,-0.00369811997897318,0.005396624294884411,0.009094744273857591,-0.025969419138238692,0.008005734729854552,map,
labor_delta_vs_ref_pct,channel_x_rule,higher,store,4,1,3,0,0,0.25,0.9375,0.012741455098576234,1.0,-0.0017855500247410117,-0.008098946014933883,0.00033179286688944654,0.00843073888182333,-0.02293121511636187,0.0025759026726301926,map_rank,
labor_delta_vs_ref_pct,channel_x_rule,higher,store,4,0,4,0,0,0.0,1.0,0.0,1.0,-0.0027836944075876335,-0.00458224845624744,-0.0021191089200844893,0.0024631395361629504,-0.008525334407849527,-0.0015779286519523872,rank_cartlabor,
labor_delta_vs_ref_pct,channel_x_rule,higher,store,4,1,3,0,0,0.25,0.9375,0.012741455098576234,1.0,-0.011278186354662934,-0.013858888039963713,-0.004263206078977677,0.009595681960986036,-0.015454817059334935,0.010635558711546977,rank_labor,
labor_delta_vs_ref_pct,channel_x_rule,higher,store,4,1,3,0,0,0.25,0.9375,0.012741455098576234,1.0,-0.001778474681629616,-0.003367460525641186,0.0031759738956582684,0.006543434421299454,-0.004254660923330711,0.014159562493176736,rank_maxlabor,
labor_delta_vs_ref_pct,channel_x_rule,higher,store,4,3,1,0,0,0.75,0.3125,0.24860462573018155,1.0,0.0017925804811302903,-0.0011617110727640823,0.010374072885788177,0.01153578395855226,-0.007366763845706448,0.033460728211021085,rank_minlabor,
labor_delta_vs_ref_pct,channel_x_rule,higher,store,4,2,2,0,0,0.5,0.6875,0.09761146288641435,1.0,0.0019002907430454297,-0.009039499369781212,0.020249087965384938,0.02928858733516615,-0.01849457469973448,0.0519311846238768,rank_popularity,
labor_delta_vs_ref_pct,channel_x_rule,higher,store,4,1,3,0,0,0.25,0.9375,0.012741455098576234,1.0,-0.005755439932897399,-0.009636095979320691,-0.0035250796171365506,0.006111016362184141,-0.019970912844902156,0.0018588500564575838,rank_random,
labor_delta_vs_ref_pct,channel_x_rule,higher,store,4,3,1,0,0,0.75,0.3125,0.24860462573018155,1.0,0.02734335034868529,0.009899930202902918,0.047111602857990986,0.03721167265508807,-0.003932956668062371,0.06791898681952624,tmax,
labor_delta_vs_ref_pct,channel_x_rule,higher,store,4,2,2,0,0,0.5,0.6875,0.09761146288641435,1.0,0.004915724635840002,-0.01262849101468233,0.022638915817713157,0.03526740683239549,-0.013289377178560269,0.023836728575643562,tmin,
labor_delta_vs_ref_pct,channel_x_rule,higher,,136,61,75,0,0,0.4485294117647059,0.9009093293185154,0.37609022713764667,1.0,-0.0008003348000995558,-0.008311104034708361,0.006582854039655084,0.014893958074363445,-0.04096295313417153,0.06791898681952624,,
labor_delta_vs_ref_pct,scheduler,higher,,136,61,75,0,0,0.4485294117647059,0.9009093293185154,0.37609022713764667,1.0,-0.0008003348000995558,-0.008311104034708361,0.006582854039655084,0.014893958074363445,-0.04096295313417153,0.06791898681952624,,lpt
labor_delta_vs_ref_pct,scheduler,higher,,136,61,75,0,0,0.4485294117647059,0.9009093293185154,0.37609022713764667,1.0,-0.0008003348000995558,-0.008311104034708361,0.006582854039655084,0.014893958074363445,-0.04096295313417153,0.06791898681952624,,
