cell,pair,pickcfg,channel,arm,ref_task_ms,cell_task_ms,d_task_ms_pct,ref_batch_ms,cell_batch_ms,d_batch_ms_pct,ref_thr_batch,cell_thr_batch,d_thr_batch_pct,ref_thr_task,cell_thr_task,d_thr_task_pct
k1_off_lpt,mixed_20260816_131535__mixed_realistic_bell_lt0,ful_calibrated,fulfillment,opt_cluster_map_norsl,965459.1913913253,965457.1313678448,0.00021337240340442835,60054.43711448044,51201.407932861766,14.741673733020495,1.3236021354550116,1.5504329023639805,17.13738296674716,0.0822273338184837,0.08223218984822107,0.005905614972384254
k1_off_lpt,mixed_20260816_131535__mixed_realistic_bell_lt0,ful_calibrated,fulfillment,opt_cluster_map_rank_norsl,965494.6547725998,965352.0541108298,0.014769699766340114,59424.47579834422,51045.36830823454,14.100431476323013,1.3313649739087225,1.5532923211110683,16.669159212653355,0.08218274381867874,0.08218627301770073,0.004294330972669858
k1_off_lpt,mixed_20260816_131535__mixed_realistic_bell_lt0,ful_calibrated,fulfillment,opt_cmax_norsl,962956.966211466,962934.0397672236,0.0023808378823570895,57259.27948960174,48898.8033720521,14.601085085375374,1.359971362413655,1.5955589833202262,17.322983955224924,0.08101044454958338,0.08101529672588023,0.005989568781938877
k1_off_lpt,mixed_20260816_131535__mixed_realistic_bell_lt0,ful_calibrated,fulfillment,opt_cmin_norsl,962892.5253652829,962965.0216931159,-0.0075290155363432155,51498.00160701833,48938.58514521094,4.969933554583948,1.51356370273565,1.5938057029741477,5.3015277846228965,0.0810172758027543,0.08101341646371503,-0.0047636001100059555
k1_off_lpt,mixed_20260816_131535__mixed_realistic_bell_lt0,ful_calibrated,fulfillment,opt_comp_norsl,963861.2769445528,963765.6664794225,0.009919525497838125,58741.830874602885,51131.59371251915,12.95539660370721,1.3463778111285725,1.5525822824043334,15.315498337195146,0.08240437542747557,0.08240833558301831,0.004805758823119773
k1_off_lpt,mixed_20260816_131535__mixed_realistic_bell_lt0,ful_calibrated,fulfillment,opt_expn_norsl,966322.6478263689,966413.5153564003,-0.0094034358229892,54943.22165273193,50433.51304940604,8.207943523642381,1.4439423011129582,1.5761773449884888,9.157917444042386,0.08224748838240281,0.08224298510605824,-0.005475275212827826
k1_off_lpt,mixed_20260816_131535__mixed_realistic_bell_lt0,ful_calibrated,fulfillment,opt_fifo_norsl,963277.9151673467,963290.9915133975,-0.0013574842571325624,51744.05658499278,48994.73612471606,5.313306767436749,1.5065172936749787,1.5924512447514778,5.70414634052245,0.08100117790061269,0.08100259238206649,0.0017462480058428062
k1_off_lpt,mixed_20260816_131535__mixed_realistic_bell_lt0,ful_calibrated,fulfillment,opt_map_norsl,962806.1147997852,962878.728418942,-0.0075418734925529465,52018.36505180711,48897.48620025108,5.999571206145802,1.4982458712015339,1.5952121401441177,6.471986394651016,0.08102547552606777,0.0810195359652801,-0.00733048556532786
k1_off_lpt,mixed_20260816_131535__mixed_realistic_bell_lt0,ful_calibrated,fulfillment,opt_map_rank_norsl,962744.0035026515,962925.1431451819,-0.01881493334380153,51907.76049979471,48846.78495192425,5.896951666567404,1.5020383663169092,1.5968031865999655,6.309081206455824,0.08103070743317806,0.08101625248988154,-0.01783884622806924
k1_off_lpt,mixed_20260816_131535__mixed_realistic_bell_lt0,ful_calibrated,fulfillment,opt_rank_cartlabor_norsl,963076.8227194132,963057.6227194126,0.0019936104314542034,51654.647478270505,48960.4989460785,5.215694354172775,1.5093082483579587,1.593079675930193,5.550319337575532,0.08100207227335483,0.08100240241533749,0.0004075722674605859
k1_off_lpt,mixed_20260816_131535__mixed_realistic_bell_lt0,ful_calibrated,fulfillment,opt_rank_labor_norsl,963059.2452369004,963155.2452369002,-0.009968234090951735,51742.73450840847,48947.18785042521,5.402781056206013,1.505657032000997,1.5936121642039884,5.841644566697923,0.08100241579284097,0.08099373702486375,-0.01071420881991595
k1_off_lpt,mixed_20260816_131535__mixed_realistic_bell_lt0,ful_calibrated,fulfillment,opt_rank_maxlabor_norsl,963181.2613516067,963188.5723493441,-0.0007590469240645164,51531.62125750099,48967.20831749649,4.976387075404167,1.512041368470122,1.5928422320942903,5.3438262542990085,0.08099325006280612,0.08099499839939357,0.002158620114753356
k1_off_lpt,mixed_20260816_131535__mixed_realistic_bell_lt0,ful_calibrated,fulfillment,opt_rank_minlabor_norsl,965556.6225195478,965668.7507790986,-0.011612810366127442,57954.229215388295,50690.7295437641,12.533165862027468,1.3602495376189214,1.5618738076316447,14.822594269405961,0.08200720242032572,0.08198739515102144,-0.02415308499704973
k1_off_lpt,mixed_20260816_131535__mixed_realistic_bell_lt0,ful_calibrated,fulfillment,opt_rank_popularity_norsl,963176.8243274195,963109.6243274197,0.006976912058360869,51537.00232882212,48959.5017064888,5.001262211348774,1.5128369096640932,1.5931401054188914,5.308119813961209,0.0809914668354008,0.08100082168584946,0.011550414894535635
k1_off_lpt,mixed_20260816_131535__mixed_realistic_bell_lt0,ful_calibrated,fulfillment,opt_rank_random_norsl,963211.5453612516,963136.864430015,0.007753326005720364,51674.48622025881,48987.0160110239,5.200768127194841,1.509325998931422,1.5924744685985122,5.508980149149876,0.08101099737610848,0.0810102166857186,-0.0009636844566319184
k1_off_lpt,mixed_20260816_131535__mixed_realistic_bell_lt0,ful_calibrated,fulfillment,opt_tmax_norsl,963060.1638322776,963198.5379801557,-0.014368172734650367,51629.06005154099,48967.44951515552,5.1552566204544545,1.5100736278510936,1.5928623261390626,5.482427926761514,0.08100274151447472,0.08099099683974059,-0.014499107702453586
k1_off_lpt,mixed_20260816_131535__mixed_realistic_bell_lt0,ful_calibrated,fulfillment,opt_tmin_norsl,963122.4718548744,963078.9285592736,0.004521054888994635,51782.3858545078,48953.3492750789,5.463318332565049,1.5058593663442155,1.593327147882131,5.808496031755047,0.08099799147624438,0.08100195249202125,0.004890264196272583
k1_off_lpt,mixed_20260816_131535__mixed_realistic_bell_lt0,ful_calibrated,fulfillment,uni_cluster_map_norsl,965484.0441198718,965534.2370481847,-0.005198732036911487,59899.81943333675,51252.14775645049,14.436891060264983,1.3226987436040982,1.546857501524338,16.947075742239726,0.08219990067580023,0.0821988233845809,-0.001310574843122276
k1_off_lpt,mixed_20260816_131535__mixed_realistic_bell_lt0,ful_calibrated,fulfillment,uni_cluster_map_rank_norsl,965367.6665831351,965354.978088378,0.001314369146221489,59823.54714907976,51002.01178472985,14.745924948861214,1.3240293457050973,1.5551790480734105,17.458049787047347,0.08216701723156711,0.08217289892037405,0.007158211415129291
k1_off_lpt,mixed_20260816_131535__mixed_realistic_bell_lt0,ful_calibrated,fulfillment,uni_cmax_norsl,962999.8979270518,963015.135602867,-0.0015823133364852016,58054.51002098866,48928.28813742375,15.720091135495718,1.3406157660519356,1.5945572675461654,18.942153891124104,0.08100866683604596,0.08100779146161441,-0.0010805935534333481
k1_off_lpt,mixed_20260816_131535__mixed_realistic_bell_lt0,ful_calibrated,fulfillment,uni_cmin_norsl,963097.6963060435,963060.7046684377,0.0038409018885317402,51460.0175289174,48956.85407346815,4.8642879960983745,1.5143246635322547,1.5933058490403877,5.215604514021756,0.08100177057119047,0.08100408507779006,0.0028573530964373472
k1_off_lpt,mixed_20260816_131535__mixed_realistic_bell_lt0,ful_calibrated,fulfillment,uni_comp_norsl,963709.504465223,963715.1554463479,-0.0005863780629594973,59747.198163993744,51354.294875826796,14.04735878179619,1.3251343184080764,1.5452587076479545,16.611477506998696,0.08238567310029651,0.08238749285811821,0.002208828007606413
k1_off_lpt,mixed_20260816_131535__mixed_realistic_bell_lt0,ful_calibrated,fulfillment,uni_expn_norsl,966367.2603516136,966453.1977088324,-0.008892825817334839,54734.75637552595,50296.04597759268,8.109491467322925,1.4512751045931591,1.5792826337779298,8.820349000657284,0.08220902649751727,0.08221437141679439,0.006501620934872071
k1_off_lpt,mixed_20260816_131535__mixed_realistic_bell_lt0,ful_calibrated,fulfillment,uni_fifo_norsl,963277.9151673467,963290.9915133975,-0.0013574842571325624,51744.05658499278,48994.73612471606,5.313306767436749,1.5065172936749787,1.5924512447514778,5.70414634052245,0.08100117790061269,0.08100259238206649,0.0017462480058428062
k1_off_lpt,mixed_20260816_131535__mixed_realistic_bell_lt0,ful_calibrated,fulfillment,uni_map_norsl,962879.2311733391,962961.0196620568,-0.008494158568368375,51811.81823274735,48902.62598309597,5.614920203307288,1.5048283569813197,1.5951014712076195,5.998897735246519,0.08102204606653426,0.08101320828036959,-0.010907878279715623
k1_off_lpt,mixed_20260816_131535__mixed_realistic_bell_lt0,ful_calibrated,fulfillment,uni_map_rank_norsl,962860.2370077041,962988.3449037337,-0.013304931609568058,51865.1203848202,48826.44354780023,5.858806100273367,1.5029680528735176,1.5972942661261047,6.27599589174535,0.08102203769153249,0.08101076163737442,-0.013917268041321887
k1_off_lpt,mixed_20260816_131535__mixed_realistic_bell_lt0,ful_calibrated,fulfillment,uni_rank_cartlabor_norsl,963077.2430382424,963101.243038242,-0.002492011951587702,51641.140998488416,48948.97203530518,5.213225174986038,1.5087153575871128,1.5935903410835044,5.625645889369884,0.0810041924447333,0.08100373519322471,-0.0005644788186723515
k1_off_lpt,mixed_20260816_131535__mixed_realistic_bell_lt0,ful_calibrated,fulfillment,uni_rank_labor_norsl,963224.5953867856,963142.9953867854,0.008471544475818004,51630.34673492036,48953.41920573069,5.184794793134947,1.509532551214833,1.5931981596425744,5.542484549962799,0.08098928637490843,0.08099395997689149,0.005770642256832224
k1_off_lpt,mixed_20260816_131535__mixed_realistic_bell_lt0,ful_calibrated,fulfillment,uni_rank_maxlabor_norsl,963189.9924367191,963281.056875556,-0.009454462728220751,51750.89694268493,48971.699499339964,5.370336762323129,1.5055458174777554,1.5928072037828178,5.795996727037616,0.08099521311059343,0.08098400247702175,-0.01384110633349589
k1_off_lpt,mixed_20260816_131535__mixed_realistic_bell_lt0,ful_calibrated,fulfillment,uni_rank_minlabor_norsl,965531.8887369016,965495.141166491,0.003805940626018726,57198.91595181535,50540.2249002032,11.641288896491437,1.38070436422753,1.5648541193104142,13.337377635212396,0.08195759503157639,0.0819640803166342,0.007912976284031486
k1_off_lpt,mixed_20260816_131535__mixed_realistic_bell_lt0,ful_calibrated,fulfillment,uni_rank_popularity_norsl,963140.7353150402,963039.9353150397,0.010465760226364102,51675.59014076866,48948.92028257355,5.276514212546842,1.5077943511345402,1.593482741445521,5.683029005016806,0.0809958332904592,0.0810062652806192,0.012879662738440732
k1_off_lpt,mixed_20260816_131535__mixed_realistic_bell_lt0,ful_calibrated,fulfillment,uni_rank_random_norsl,963191.7011160238,963141.2741719775,0.005235400594487366,51773.869573882504,48979.559784880475,5.3971430221464995,1.5040498864677836,1.5928533828357974,5.904291949821301,0.08100856932886652,0.08101383603744304,0.006501421541145449
k1_off_lpt,mixed_20260816_131535__mixed_realistic_bell_lt0,ful_calibrated,fulfillment,uni_tmax_norsl,963237.8844886572,963177.6370055384,0.0062546837171764,51580.43974705196,48960.24865516724,5.079815342277061,1.5108667090870316,1.5930084749450688,5.436731471015922,0.08098856565224993,0.0809918251517564,0.004024641602451777
k1_off_lpt,mixed_20260816_131535__mixed_realistic_bell_lt0,ful_calibrated,fulfillment,uni_tmin_norsl,963051.0485020289,962976.0976718318,0.007782643538331631,51417.145768318434,48945.111205109235,4.807802001200125,1.5162444189937694,1.5935610544479053,5.0992197884194574,0.08100457250233901,0.08100931363161118,0.005852915614150136
k1_off_lpt,mixed_20260816_131535__mixed_realistic_bell_lt0,store,store,opt_cluster_map_norsl,6152216.600889938,6155307.356047386,-0.05023807446898511,491087.0370901586,322723.3994976622,34.283869228172385,0.07262533007646407,0.11035594905057536,51.95242339606077,0.005763120975298135,0.005760518361970445,-0.04515978996181318
k1_off_lpt,mixed_20260816_131535__mixed_realistic_bell_lt0,store,store,opt_cluster_map_rank_norsl,6183524.353909571,6184522.507745441,-0.016142150960224436,513551.6001115122,338273.66247775214,34.130540649800395,0.06941748389056902,0.10552447992422184,52.01426789045328,0.005734083159262048,0.00573273801306223,-0.023458784298322072
k1_off_lpt,mixed_20260816_131535__mixed_realistic_bell_lt0,store,store,opt_cmax_norsl,6271570.296245942,6271511.83836816,0.0009321091053888907,507245.35935533536,318431.6851758371,37.2233418595419,0.07042237983603838,0.11193877944949605,58.95341752170069,0.005639190081398285,0.00563928439875956,0.0016725338198032192
k1_off_lpt,mixed_20260816_131535__mixed_realistic_bell_lt0,store,store,opt_cmin_norsl,6282426.326018717,6278966.162208018,0.055076870481854306,405805.3233802539,286883.61775908084,29.305112271713412,0.08764195588806702,0.12352432749261977,40.942002310377866,0.0056398343778286545,0.005641786474160213,0.034612653506859166
k1_off_lpt,mixed_20260816_131535__mixed_realistic_bell_lt0,store,store,opt_comp_norsl,6287812.172323322,6286602.852304481,0.019232763093082576,546536.2712161625,327805.27342184586,40.021314103745105,0.0659951922658687,0.10881327035286124,64.88060208158095,0.005639189232623024,0.005639954883457393,0.013577321185455132
k1_off_lpt,mixed_20260816_131535__mixed_realistic_bell_lt0,store,store,opt_expn_norsl,6299312.91094415,6300999.19038586,-0.026769259847068298,403518.7601900458,289115.18213456636,28.351489284314475,0.08807937407305662,0.12256935515433462,39.157840804670805,0.005626522549065566,0.005624208960248931,-0.04111933785849463
k1_off_lpt,mixed_20260816_131535__mixed_realistic_bell_lt0,store,store,opt_fifo_norsl,6292738.048292344,6292811.25326715,-0.0011633246806738093,406031.5004802213,281631.85213610175,30.637930356878634,0.08721575415561739,0.125708207653224,44.13474821180273,0.005622492792307242,0.005621987591016072,-0.008985361294925782
k1_off_lpt,mixed_20260816_131535__mixed_realistic_bell_lt0,store,store,opt_map_norsl,6147794.145113951,6147913.715692849,-0.0019449346558445468,400183.3664244927,273091.90352681756,31.75830720631787,0.088726320192358,0.12969331403819706,46.17231251901682,0.00575699678382054,0.005757840936974425,0.01466308190856836
k1_off_lpt,mixed_20260816_131535__mixed_realistic_bell_lt0,store,store,opt_map_rank_norsl,6150485.8348689405,6150551.773653503,-0.001072090666207613,396859.7478588721,274151.3341704298,30.91984368545203,0.08946279808338971,0.1292174476260847,44.43707372715868,0.0057549666528968054,0.005754565272004198,-0.006974512917551785
k1_off_lpt,mixed_20260816_131535__mixed_realistic_bell_lt0,store,store,opt_rank_cartlabor_norsl,6127777.4994223295,6127399.080911841,0.006175461013783681,396266.866994755,271713.6444247124,31.43165198610743,0.0895924248553275,0.13035847343309862,45.50166896766052,0.005775074408792824,0.005774666182409013,-0.007068764052456387
k1_off_lpt,mixed_20260816_131535__mixed_realistic_bell_lt0,store,store,opt_rank_labor_norsl,6127019.26903579,6127744.818963094,-0.0118418091317305,396800.9938559002,272156.1431078402,31.41243411132313,0.0895285474539649,0.13019325608604448,45.42094090489871,0.0057748567214386615,0.0057748202597915155,-0.0006313861781302789
k1_off_lpt,mixed_20260816_131535__mixed_realistic_bell_lt0,store,store,opt_rank_maxlabor_norsl,6494041.885381466,6494107.656546559,-0.001012792437348802,422117.1155259735,292840.6960213454,30.625723229332912,0.0842351632372715,0.12114398971127399,43.816412357436334,0.00545828046101533,0.00545812964688391,-0.0027630337520653516
k1_off_lpt,mixed_20260816_131535__mixed_realistic_bell_lt0,store,store,opt_rank_minlabor_norsl,6142556.349254463,6142309.656245443,0.00401612936037243,482856.97482298216,301444.4350005111,37.570657416510926,0.0743801113686705,0.11820966942294636,58.92644854621343,0.005771616644886191,0.005771394496009582,-0.0038489887717189754
k1_off_lpt,mixed_20260816_131535__mixed_realistic_bell_lt0,store,store,opt_rank_popularity_norsl,6249455.441360359,6249014.085138635,0.007062314882722465,404902.30774072657,277666.833049624,31.423746483701446,0.08770522802555206,0.1275982878979322,45.48538413326706,0.005664382652186229,0.005664339521833552,-0.0007614307741146038
k1_off_lpt,mixed_20260816_131535__mixed_realistic_bell_lt0,store,store,opt_rank_random_norsl,6260700.000642751,6259384.661435093,0.021009459126351774,404932.15665031894,279868.30371091195,30.885137395350515,0.08758881136440719,0.12646104823583174,44.380368069729016,0.00565005167412525,0.00565118562919552,0.020069817687912436
k1_off_lpt,mixed_20260816_131535__mixed_realistic_bell_lt0,store,store,opt_tmax_norsl,6342141.498224164,6341870.79548451,0.004268317566391528,409635.2103723311,283537.16083664057,30.783010430445128,0.08670876267742385,0.12490444391527164,44.05054351881867,0.005580184448834904,0.005580866406002102,0.01222105063821127
k1_off_lpt,mixed_20260816_131535__mixed_realistic_bell_lt0,store,store,opt_tmin_norsl,6257216.012121104,6256261.981803235,0.015246881616695782,405431.061373626,279352.18690412235,31.097487706625255,0.08746128685394446,0.1267149784552591,44.881218895013674,0.005652994862902819,0.005653760701754663,0.013547488904853251
k1_off_lpt,mixed_20260816_131535__mixed_realistic_bell_lt0,store,store,uni_cluster_map_norsl,6164633.570432586,6166668.3748804005,-0.03300771123809125,518404.15468213544,337809.92346146295,34.836570962940215,0.06876628135503679,0.10515253032820727,52.9129222290066,0.0057508646590270105,0.005748940523796761,-0.0334581901041432
k1_off_lpt,mixed_20260816_131535__mixed_realistic_bell_lt0,store,store,uni_cluster_map_rank_norsl,6188002.689412659,6185781.678417775,0.03589221120870255,501476.3444566916,330158.9059196139,34.16261612951775,0.07137661272412958,0.10775387005044924,50.96523348189367,0.005728663003939922,0.005730969048665415,0.04025450133664593
k1_off_lpt,mixed_20260816_131535__mixed_realistic_bell_lt0,store,store,uni_cmax_norsl,6268222.638025851,6267507.424209961,0.011410153359126792,496773.5179394316,309626.3090532666,37.672541334818625,0.07201163917582125,0.11512219523898846,59.86609464326996,0.005641040863019265,0.0056422760570516576,0.021896562396661542
k1_off_lpt,mixed_20260816_131535__mixed_realistic_bell_lt0,store,store,uni_cmin_norsl,6278060.061202582,6278895.410683006,-0.01330585359618338,405128.63279825804,286731.0744235834,29.224682925245894,0.08772286122036993,0.12364277212967696,40.94703525352653,0.005642393888479278,0.005642466005137267,0.0012781216521650443
k1_off_lpt,mixed_20260816_131535__mixed_realistic_bell_lt0,store,store,uni_comp_norsl,6286675.158649389,6286536.092161169,0.0022120832508435466,512302.2596983257,334137.33991139627,34.7773050799822,0.06979301274291923,0.10681800342135427,53.04970973930534,0.0056407213730612984,0.005640823637207932,0.0018129622058955513
k1_off_lpt,mixed_20260816_131535__mixed_realistic_bell_lt0,store,store,uni_expn_norsl,6299815.727872472,6299940.778201304,-0.001984983914352536,406774.2708747212,288871.88434143265,28.984720759194783,0.08722331213135431,0.12263960729217598,40.60416223071917,0.005625257745216051,0.005624595128716426,-0.011779309138119688
k1_off_lpt,mixed_20260816_131535__mixed_realistic_bell_lt0,store,store,uni_fifo_norsl,6292738.048292344,6292811.25326715,-0.0011633246806738093,406031.5004802213,281631.85213610175,30.637930356878634,0.08721575415561739,0.125708207653224,44.13474821180273,0.005622492792307242,0.005621987591016072,-0.008985361294925782
k1_off_lpt,mixed_20260816_131535__mixed_realistic_bell_lt0,store,store,uni_map_norsl,6156311.653128853,6156999.875962402,-0.01117914219301899,398129.93050531985,273882.76103811356,31.207693757037465,0.08914444428025452,0.12931798141655665,45.065665573059796,0.005748235633597053,0.005748784042676876,0.009540476674567228
k1_off_lpt,mixed_20260816_131535__mixed_realistic_bell_lt0,store,store,uni_map_rank_norsl,6158985.970898574,6158945.100608308,0.0006635879747001125,396779.3048149698,274144.4947945439,30.907562096166842,0.08949687508679709,0.12917496757382987,44.334612184561344,0.005745984801989412,0.005746035924013134,0.0008896999467210618
k1_off_lpt,mixed_20260816_131535__mixed_realistic_bell_lt0,store,store,uni_rank_cartlabor_norsl,6134624.554897301,6133961.096793703,0.010814974863758427,395833.04855041427,272377.5096657423,31.188790157057433,0.08969708526804576,0.1300397513827563,44.97656305570329,0.005768688180011702,0.005768671431249722,-0.00029033918036665453
k1_off_lpt,mixed_20260816_131535__mixed_realistic_bell_lt0,store,store,uni_rank_labor_norsl,6134595.472773063,6133721.22462644,0.014251113223414887,400078.07570280245,273046.7144382485,31.751642736584014,0.0887899323020081,0.12979988006390783,46.18761012499639,0.005768719016466287,0.0057690644151931585,0.005987442374738804
k1_off_lpt,mixed_20260816_131535__mixed_realistic_bell_lt0,store,store,uni_rank_maxlabor_norsl,6486136.857374268,6485945.916740197,0.002943826784256178,420718.0935486891,292310.7712357581,30.520988824092637,0.08443671091850095,0.12137275251368586,43.74405539177845,0.005464783377749242,0.005464754072721127,-0.0005362523285652409
k1_off_lpt,mixed_20260816_131535__mixed_realistic_bell_lt0,store,store,uni_rank_minlabor_norsl,6147304.984174631,6147441.86114576,-0.002226617541861002,473320.58682599076,295110.636381948,37.65100344337208,0.0753399537247809,0.12034000853247774,59.729336935994645,0.005766285809371813,0.005765872599324162,-0.007165965429237344
k1_off_lpt,mixed_20260816_131535__mixed_realistic_bell_lt0,store,store,uni_rank_popularity_norsl,6250288.730957405,6251431.748781499,-0.018287440361489632,406699.228165837,277587.69983983034,31.746194579292325,0.08730392273700344,0.1276277235227986,46.187845312824734,0.005662775046289767,0.005661495975126868,-0.022587356065596587
k1_off_lpt,mixed_20260816_131535__mixed_realistic_bell_lt0,store,store,uni_rank_random_norsl,6258611.01133381,6259214.650094583,-0.009644931753697353,406749.35631041584,279603.51335293165,31.25901516128061,0.08727665611737465,0.1265323923534919,44.978506260968445,0.005651293204833914,0.005650817246808006,-0.008422108155712047
k1_off_lpt,mixed_20260816_131535__mixed_realistic_bell_lt0,store,store,uni_tmax_norsl,6339316.066172279,6340418.010320625,-0.017382697704978314,408482.12721064396,283215.1489412626,30.666452685403367,0.08692326195300018,0.12507411458617446,43.8902680088129,0.005583016301415184,0.005582026437158156,-0.017729918803512417
k1_off_lpt,mixed_20260816_131535__mixed_realistic_bell_lt0,store,store,uni_tmin_norsl,6256243.188525146,6255001.129884598,0.019853106778619845,404906.373245955,279490.30594755977,30.97409069978083,0.0877556160961796,0.12661257097217185,44.278596179423175,0.005653744591626673,0.005654172500492917,0.007568592095193919
k1_off_lpt,mixed_20260816_131535__mixed_realistic_bell_ltrand0-5,ful_calibrated,fulfillment,opt_cluster_map_norsl,857238.83096438,857338.7818031587,-0.011659625668882375,53822.15834189211,44345.50760563961,17.607340597629683,1.2470968046782156,1.5192633384894945,21.824010196345995,0.07857848297678934,0.07857972139942258,0.0015760327590114945
k1_off_lpt,mixed_20260816_131535__mixed_realistic_bell_ltrand0-5,ful_calibrated,fulfillment,opt_cluster_map_rank_norsl,857027.2516820041,856914.4560047681,0.013161270778094742,53728.424564958106,44386.85047691027,17.386651783831468,1.2473820635768282,1.516450779867182,21.57067382537214,0.07852237009295478,0.07853018394673951,0.009951118102373528
k1_off_lpt,mixed_20260816_131535__mixed_realistic_bell_ltrand0-5,ful_calibrated,fulfillment,opt_cmax_norsl,857424.5539393144,857378.2463758957,0.005400774121291703,50533.389131433796,43554.276912591056,13.810892835013616,1.3080301048552285,1.522589925216198,16.403278453955526,0.07732744645850795,0.07733683468563289,0.012140873072771664
k1_off_lpt,mixed_20260816_131535__mixed_realistic_bell_ltrand0-5,ful_calibrated,fulfillment,opt_cmin_norsl,856416.8713687977,856373.4620884514,0.00506870915293587,45737.449497539346,43656.67365899239,4.549391934630945,1.4467604986148281,1.5169583527965138,4.852071524547097,0.0773356047543316,0.07734365194947447,0.010405550158215444
k1_off_lpt,mixed_20260816_131535__mixed_realistic_bell_ltrand0-5,ful_calibrated,fulfillment,opt_comp_norsl,856905.4950976138,856740.9920213199,0.019197341741298522,52774.05008613791,44477.154618666995,15.721543929125598,1.2691374422812691,1.51539781404383,19.403759085376045,0.07869187055101273,0.07870639127352354,0.01845263355557417
k1_off_lpt,mixed_20260816_131535__mixed_realistic_bell_ltrand0-5,ful_calibrated,fulfillment,opt_expn_norsl,859349.9508180118,859462.3929262279,-0.01308455398281925,47784.455501454824,44539.89697634546,6.7899874364176505,1.4096344281906645,1.5152809266055771,7.494602593561445,0.0785625987927468,0.07854547132526822,-0.021801044952393663
k1_off_lpt,mixed_20260816_131535__mixed_realistic_bell_ltrand0-5,ful_calibrated,fulfillment,opt_fifo_norsl,857726.3931455758,857600.3475335989,0.014695316943043619,45937.7937857774,43757.23973959851,4.746753961122972,1.4417901164185383,1.5153271403524249,5.1003972836598015,0.07731769927390189,0.07733092831350619,0.017109975760441355
k1_off_lpt,mixed_20260816_131535__mixed_realistic_bell_ltrand0-5,ful_calibrated,fulfillment,opt_map_norsl,856212.6937745427,856186.692212325,0.003036811110913806,45905.93124632667,43620.5042539085,4.978500447262027,1.4418455683011129,1.518564020091075,5.320850823181946,0.07737091657347323,0.07737194220220199,0.0013255998173309148
k1_off_lpt,mixed_20260816_131535__mixed_realistic_bell_ltrand0-5,ful_calibrated,fulfillment,opt_map_rank_norsl,855724.0756368841,855737.0208932857,-0.0015127839417201886,45797.78782053052,43609.3578218494,4.778462242012645,1.444355480869817,1.5182374565037497,5.115221052745255,0.07738133253426645,0.07738144744129216,0.00014849450371385713
k1_off_lpt,mixed_20260816_131535__mixed_realistic_bell_ltrand0-5,ful_calibrated,fulfillment,opt_rank_cartlabor_norsl,859035.6937717892,858922.3998258743,0.01318850272885714,46069.69741429695,43736.32699755246,5.064870289381077,1.439778733534038,1.5191831233447541,5.515041163013468,0.0773534544545536,0.07736693822135565,0.017431369933154094
k1_off_lpt,mixed_20260816_131535__mixed_realistic_bell_ltrand0-5,ful_calibrated,fulfillment,opt_rank_labor_norsl,859109.3577909261,859075.4108227607,0.003951414084552491,46081.640200020505,43746.93686200665,5.0664501694816275,1.4402178152966973,1.5186890934436048,5.448570161641953,0.07734318036936111,0.07734798879459487,0.006216999625302097
k1_off_lpt,mixed_20260816_131535__mixed_realistic_bell_ltrand0-5,ful_calibrated,fulfillment,opt_rank_maxlabor_norsl,859097.5142928986,859046.4021610069,0.00594951458260531,45954.02813950128,43757.99516062338,4.778760573962017,1.443751200373157,1.5183646565580822,5.168027300385298,0.07735019560757114,0.07735337762046679,0.004113774852995685
k1_off_lpt,mixed_20260816_131535__mixed_realistic_bell_ltrand0-5,ful_calibrated,fulfillment,opt_rank_minlabor_norsl,859111.2211167236,858888.7681018418,0.025893389518607167,49776.114504716694,44514.19242316675,10.571178835285211,1.345524270485909,1.5079836869582686,12.07406064951104,0.07817228327854636,0.07817742585660117,0.006578518419997755
k1_off_lpt,mixed_20260816_131535__mixed_realistic_bell_ltrand0-5,ful_calibrated,fulfillment,opt_rank_popularity_norsl,858988.6241195058,858995.2453534384,-0.000770817417921097,46023.366950957716,43753.418273822164,4.932165609600876,1.441666306025735,1.51855477411154,5.333305478836121,0.0773615674284065,0.07735720392689296,-0.005640399566064293
k1_off_lpt,mixed_20260816_131535__mixed_realistic_bell_ltrand0-5,ful_calibrated,fulfillment,opt_rank_random_norsl,857545.8389969273,857489.9675759093,0.006515269327558019,46023.933818037156,43747.947835822284,4.945222612246358,1.439176138050766,1.5163839356955409,5.364721913006834,0.07736870248836981,0.07736793815469664,-0.0009879106778191628
k1_off_lpt,mixed_20260816_131535__mixed_realistic_bell_ltrand0-5,ful_calibrated,fulfillment,opt_tmax_norsl,857581.427467241,857640.9639535069,-0.006942371226692908,46128.378817926954,43717.1441820254,5.227226054093354,1.4350920772119118,1.5172039928783991,5.721717579684077,0.07734217271222175,0.07734131626855037,-0.001107343692776146
k1_off_lpt,mixed_20260816_131535__mixed_realistic_bell_ltrand0-5,ful_calibrated,fulfillment,opt_tmin_norsl,857537.6380162772,857525.6350095154,0.0013997061154707453,46215.59510440997,43703.85937500043,5.434822863873212,1.43453118050365,1.5177905705956474,5.8039442588320584,0.07734644570997234,0.07734970560137085,0.004214662184641064
k1_off_lpt,mixed_20260816_131535__mixed_realistic_bell_ltrand0-5,ful_calibrated,fulfillment,uni_cluster_map_norsl,857323.9419510643,857241.2921869938,0.009640435782351894,53591.017221817194,44457.02967301659,17.043877915200518,1.2514831594194897,1.515090072654798,21.063560564217614,0.07855681542203052,0.07857216861042278,0.019544056502003006
k1_off_lpt,mixed_20260816_131535__mixed_realistic_bell_ltrand0-5,ful_calibrated,fulfillment,uni_cluster_map_rank_norsl,856882.2897606684,857061.6846350611,-0.020935766386625324,53527.42951092214,44443.727408516046,16.970181802869103,1.2576716655800602,1.5134665635799207,20.338766070704427,0.0785116726273278,0.0784908712018695,-0.02649469150535955
k1_off_lpt,mixed_20260816_131535__mixed_realistic_bell_ltrand0-5,ful_calibrated,fulfillment,uni_cmax_norsl,857364.6615518741,857396.8865987957,-0.0037586161835959546,50677.66251814654,43535.937734635714,14.09245104971749,1.3014475963359564,1.522981471681831,17.022112605192273,0.0773290880882466,0.07732776483541844,-0.0017111967318800298
k1_off_lpt,mixed_20260816_131535__mixed_realistic_bell_ltrand0-5,ful_calibrated,fulfillment,uni_cmin_norsl,857509.2813900511,857525.6742909967,-0.0019116878734006598,45722.07332093026,43700.377380465245,4.421706614821301,1.4487840948655546,1.5170890984786953,4.714643393395298,0.07731846918846544,0.0773206837298012,0.002864181558445329
k1_off_lpt,mixed_20260816_131535__mixed_realistic_bell_ltrand0-5,ful_calibrated,fulfillment,uni_comp_norsl,856747.8495415853,856722.6206007295,0.0029447334906445586,53279.573839750876,44327.40068950216,16.8022611764392,1.263801224171023,1.520203378004237,20.288171029538148,0.07867834629821592,0.07867140282656011,-0.008825136752987964
k1_off_lpt,mixed_20260816_131535__mixed_realistic_bell_ltrand0-5,ful_calibrated,fulfillment,uni_expn_norsl,859366.9276411833,859413.6085829295,-0.005432015154964389,47902.70963897313,44511.386265586065,7.079606558681853,1.4042864364076004,1.5153239815852158,7.907043912043182,0.07853051014430386,0.07852666190121829,-0.0049003159135156005
k1_off_lpt,mixed_20260816_131535__mixed_realistic_bell_ltrand0-5,ful_calibrated,fulfillment,uni_fifo_norsl,857726.3931455758,857600.3475335989,0.014695316943043619,45937.7937857774,43757.23973959851,4.746753961122972,1.4417901164185383,1.5153271403524249,5.1003972836598015,0.07731769927390189,0.07733092831350619,0.017109975760441355
k1_off_lpt,mixed_20260816_131535__mixed_realistic_bell_ltrand0-5,ful_calibrated,fulfillment,uni_map_norsl,856148.2249604088,856195.0834273269,-0.005473172232563055,45899.991034385406,43623.52919396051,4.959612821535226,1.4425910496792653,1.5182621864371537,5.24550161147281,0.07737049216505733,0.077364033286828,-0.008347986485008377
k1_off_lpt,mixed_20260816_131535__mixed_realistic_bell_ltrand0-5,ful_calibrated,fulfillment,uni_map_rank_norsl,855787.3298694248,855787.341083747,-1.3104099332020162e-06,45883.79408498809,43597.43873872175,4.982925653513846,1.441492390518055,1.518787782755453,5.362178305333889,0.07737466300527378,0.07737663621354056,0.00255019949701967
k1_off_lpt,mixed_20260816_131535__mixed_realistic_bell_ltrand0-5,ful_calibrated,fulfillment,uni_rank_cartlabor_norsl,859055.7363613764,858994.8145788545,0.007091714768115168,45975.927488889916,43744.16672750755,4.854194103907243,1.4438954176387242,1.5189770693250957,5.199936973908841,0.07735507621447808,0.07736380943872283,0.011289788171794352
k1_off_lpt,mixed_20260816_131535__mixed_realistic_bell_ltrand0-5,ful_calibrated,fulfillment,uni_rank_labor_norsl,859031.1764644182,859036.7803754061,-0.0006523524572214427,46110.845156367526,43739.91935648131,5.141796451238567,1.4388927452636542,1.519039578178094,5.570035235652973,0.077354279061485,0.07735199513368164,-0.0029525552187466674
k1_off_lpt,mixed_20260816_131535__mixed_realistic_bell_ltrand0-5,ful_calibrated,fulfillment,uni_rank_maxlabor_norsl,859025.577193654,859039.5715662204,-0.0016290984736525714,45874.55145912859,43769.52932993766,4.588648961650074,1.4466963002121138,1.5181390613967043,4.938338556206688,0.07735490960558825,0.07735657542613295,0.00215347746276625
k1_off_lpt,mixed_20260816_131535__mixed_realistic_bell_ltrand0-5,ful_calibrated,fulfillment,uni_rank_minlabor_norsl,858908.3892357727,858997.1271407971,-0.0103314749438401,49540.937129966485,44451.95559591728,10.272275473309458,1.3523660937860824,1.50992500035502,11.650610533116506,0.07814629659746014,0.07814294166872729,-0.004293138483750785
k1_off_lpt,mixed_20260816_131535__mixed_realistic_bell_ltrand0-5,ful_calibrated,fulfillment,uni_rank_popularity_norsl,859122.1659811045,859083.1144551296,0.0045455148896411945,45949.82187352365,43760.70669118185,4.764142913039615,1.4445907043724382,1.5183557889586359,5.1062965006578,0.07735000563372037,0.07734820088593876,-0.002333222560001702
k1_off_lpt,mixed_20260816_131535__mixed_realistic_bell_ltrand0-5,ful_calibrated,fulfillment,uni_rank_random_norsl,857461.6824759184,857675.5292155643,-0.024939509719936713,46031.92202811318,43746.98039293479,4.963819746181574,1.4407520207835742,1.5165698330316857,5.262377644063745,0.07737166719502783,0.0773585592189433,-0.016941571197490395
k1_off_lpt,mixed_20260816_131535__mixed_realistic_bell_ltrand0-5,ful_calibrated,fulfillment,uni_tmax_norsl,857551.6033276398,857725.9810503931,-0.020334370791993586,45877.318793279825,43722.516835754235,4.696878575740193,1.4439725508870034,1.517018237282683,5.058661700377141,0.07734558559844805,0.07733380724857165,-0.01522821216655451
k1_off_lpt,mixed_20260816_131535__mixed_realistic_bell_ltrand0-5,ful_calibrated,fulfillment,uni_tmin_norsl,857488.6887900473,857445.3841655719,0.005050168595987775,46360.37773781153,43683.6693228467,5.773698458849496,1.4306879828923327,1.5183885974529894,6.129960942522061,0.07734993821533453,0.07735910787209456,0.011854769339953794
k1_off_lpt,mixed_20260816_131535__mixed_realistic_bell_ltrand0-5,store,store,opt_cluster_map_norsl,5100138.347947092,5100078.4295622315,0.0011748384214790581,411148.98352603696,260281.80466330453,36.69404155371782,0.06501756131048801,0.10255266207890629,57.73071153679747,0.005215503303630353,0.00521511955767799,-0.0073577932947672935
k1_off_lpt,mixed_20260816_131535__mixed_realistic_bell_ltrand0-5,store,store,opt_cluster_map_rank_norsl,5104341.722775105,5104486.513696259,-0.0028366228010843564,421536.0865894854,271474.2312667495,35.59881587762479,0.06349373515883543,0.09832908332955105,54.864228862220486,0.005207462892567206,0.00520935700275065,0.03637299434523434
k1_off_lpt,mixed_20260816_131535__mixed_realistic_bell_ltrand0-5,store,store,opt_cmax_norsl,5116157.700382904,5115309.071770729,0.016587225450694583,402551.68172076816,248853.89453845486,38.18088314159037,0.06657977518228311,0.10750436355061818,61.46699693156235,0.005206130086587753,0.00520800457828906,0.03600547182130959
k1_off_lpt,mixed_20260816_131535__mixed_realistic_bell_ltrand0-5,store,store,opt_cmin_norsl,5138784.954842999,5139558.250545259,-0.015048220718619535,329488.3710845599,236515.28638910182,28.217410037696734,0.08147988793206716,0.11310541088118942,38.813900892315466,0.005202616238643893,0.005202051161249839,-0.010861408340224718
k1_off_lpt,mixed_20260816_131535__mixed_realistic_bell_ltrand0-5,store,store,opt_comp_norsl,5189664.735658458,5188803.492164568,0.016595359002147876,417569.63249138155,264093.37605185196,36.75464988290241,0.06384182098900734,0.10099728243758985,58.19925069960043,0.005129286735875625,0.0051328924704718715,0.07029699804121822
k1_off_lpt,mixed_20260816_131535__mixed_realistic_bell_ltrand0-5,store,store,opt_expn_norsl,5200948.857706876,5199828.867686752,0.021534340189938335,338623.0487120282,240113.87028141716,29.091102571220784,0.07886980650886814,0.11102899816185552,40.77503556366832,0.0051215112100668845,0.0051230329410644,0.029712538645312033
k1_off_lpt,mixed_20260816_131535__mixed_realistic_bell_ltrand0-5,store,store,opt_fifo_norsl,5123690.450317333,5121278.171132653,0.04708089233866633,331526.99569311895,237373.32354561627,28.40000161997574,0.0806728100353441,0.11234214042648047,39.2565108086126,0.005205507386172738,0.005206337892517371,0.01595437837316719
k1_off_lpt,mixed_20260816_131535__mixed_realistic_bell_ltrand0-5,store,store,opt_map_norsl,5083035.231857454,5083463.202878774,-0.008419595808375882,325268.9714367918,231967.73414270554,28.684333732157768,0.08381335684418477,0.1172271067866994,39.86685559514489,0.005348457951591643,0.005348553137348947,0.0017796859985711052
k1_off_lpt,mixed_20260816_131535__mixed_realistic_bell_ltrand0-5,store,store,opt_map_rank_norsl,5081718.017810008,5082152.841409469,-0.0085566258878893,329476.6985084621,232633.7270785281,29.39296522890426,0.08259635711407358,0.11685837117199213,41.48126534273102,0.005345496037108338,0.005345484022226858,-0.00022476644631189675
k1_off_lpt,mixed_20260816_131535__mixed_realistic_bell_ltrand0-5,store,store,opt_rank_cartlabor_norsl,5127836.260770264,5127634.647615743,0.003931739319830138,332698.0017618225,231885.75683593831,30.301427839069305,0.08411577956437846,0.12005795616535783,42.72941032838058,0.005427357100197879,0.00542664603434988,-0.01310151211486461
k1_off_lpt,mixed_20260816_131535__mixed_realistic_bell_ltrand0-5,store,store,opt_rank_labor_norsl,5127913.503072048,5127365.943538385,0.010678018132211647,335095.3684047465,231839.82659368138,30.813777672494545,0.08340257046846655,0.12012624535776041,44.03182621712914,0.005426055551461884,0.005427104465810183,0.019331065418538795
k1_off_lpt,mixed_20260816_131535__mixed_realistic_bell_ltrand0-5,store,store,opt_rank_maxlabor_norsl,5397662.526984469,5398194.7584919715,-0.009860407256691534,350434.6660627175,247517.7251728602,29.36836758936349,0.0800163906780784,0.11271384609386613,40.863447024667714,0.005165224371860177,0.0051654417274957206,0.004208057964103092
k1_off_lpt,mixed_20260816_131535__mixed_realistic_bell_ltrand0-5,store,store,opt_rank_minlabor_norsl,5149951.655135786,5153120.381338025,-0.06152924171781831,385031.3137856371,245130.07560789608,36.335028650586544,0.07284232447027646,0.11415073136657722,56.70934747992122,0.005417979092287402,0.005416334865991457,-0.03034759396333607
k1_off_lpt,mixed_20260816_131535__mixed_realistic_bell_ltrand0-5,store,store,opt_rank_popularity_norsl,5227121.500008471,5230104.613907257,-0.05706991694723281,338981.7766532794,238172.53865690966,29.738836993435314,0.08286943466608516,0.11755893943863396,41.86043372001631,0.005351560994576396,0.005348011212547935,-0.06633171203801873
k1_off_lpt,mixed_20260816_131535__mixed_realistic_bell_ltrand0-5,store,store,opt_rank_random_norsl,5161049.079348464,5161685.657597362,-0.01233428008746743,340303.10188784555,239024.28821916453,29.761354835390158,0.078021933261932,0.11080171538956383,42.013547674581325,0.00512716931765699,0.005126613474325483,-0.010841134689915809
k1_off_lpt,mixed_20260816_131535__mixed_realistic_bell_ltrand0-5,store,store,opt_tmax_norsl,5193558.999464485,5198785.359348006,-0.10063156852670105,340549.3246487318,237782.34025666793,30.176828128514266,0.0780920648730726,0.11147862414233035,42.75281915457453,0.0050994571522929655,0.0050961479454798885,-0.06489331539120885
k1_off_lpt,mixed_20260816_131535__mixed_realistic_bell_ltrand0-5,store,store,opt_tmin_norsl,5157109.93543392,5159514.9726277385,-0.046635367946962124,335995.731833555,235852.10805149341,29.805028544728824,0.07893483588957144,0.11225625429859841,42.21383123624036,0.005128466748617524,0.005127322607963286,-0.0223096046112901
k1_off_lpt,mixed_20260816_131535__mixed_realistic_bell_ltrand0-5,store,store,uni_cluster_map_norsl,5105320.560936916,5108466.457350204,-0.061619958545967426,397792.6072954304,260043.04187232885,34.62848803542457,0.06727189746337546,0.10230535900339341,52.07740952912925,0.00521300255512025,0.005208174648715927,-0.09261277648101099
k1_off_lpt,mixed_20260816_131535__mixed_realistic_bell_ltrand0-5,store,store,uni_cluster_map_rank_norsl,5109820.718079466,5107541.326170135,0.04460806034282541,407800.9201050021,254489.7345663497,37.594614916311926,0.06527977423218158,0.10424211033984335,59.68515756363346,0.005201510707628915,0.005203847018050106,0.044915997534413166
k1_off_lpt,mixed_20260816_131535__mixed_realistic_bell_ltrand0-5,store,store,uni_cmax_norsl,5111548.27975834,5112356.400721367,-0.015809710068236046,377309.0209957534,244873.0747348271,35.10012718789909,0.0710555507680697,0.10936771906183539,53.91861421047779,0.005210314092984408,0.005210651991949683,0.006485193776129895
k1_off_lpt,mixed_20260816_131535__mixed_realistic_bell_ltrand0-5,store,store,uni_cmin_norsl,5140476.10545648,5138579.65305702,0.036892543814115455,334540.4093364814,235790.50021652115,29.51808103416213,0.08018912532449274,0.1136130495485015,41.681367752492314,0.005202119071517356,0.0052059103696102125,0.07287987915567823
k1_off_lpt,mixed_20260816_131535__mixed_realistic_bell_ltrand0-5,store,store,uni_comp_norsl,5187568.386748334,5185524.866067231,0.0393926504433922,418082.02891776944,262354.8801804827,37.24798914232115,0.06399003921836148,0.1010500889562077,57.915341497731276,0.0051282934282430555,0.0051295663312662465,0.02482118156852656
k1_off_lpt,mixed_20260816_131535__mixed_realistic_bell_ltrand0-5,store,store,uni_expn_norsl,5197676.005743865,5196165.911375173,0.029053260861638473,341325.35806708055,238963.87129413092,29.989417531888318,0.07834687154963424,0.11149653295573676,42.311404080891194,0.005123393268718235,0.005123767339765379,0.007301236261285116
k1_off_lpt,mixed_20260816_131535__mixed_realistic_bell_ltrand0-5,store,store,uni_fifo_norsl,5123690.450317333,5121278.171132653,0.04708089233866633,331526.99569311895,237373.32354561627,28.40000161997574,0.0806728100353441,0.11234214042648047,39.2565108086126,0.005205507386172738,0.005206337892517371,0.01595437837316719
k1_off_lpt,mixed_20260816_131535__mixed_realistic_bell_ltrand0-5,store,store,uni_map_norsl,5090576.346402605,5088729.440620284,0.036280877775787305,327992.71881818946,232323.60082263206,29.168061516813125,0.08308506636313698,0.11706212849300407,40.89430702427887,0.005337189870375384,0.00534069436046664,0.06566170918348492
k1_off_lpt,mixed_20260816_131535__mixed_realistic_bell_ltrand0-5,store,store,uni_map_rank_norsl,5089062.02224365,5087446.973179717,0.031735692292094414,324608.2858353166,232124.938201538,28.490753831434272,0.08363632142851783,0.11711233343104188,40.02568672408109,0.005337371676617794,0.005340150434995356,0.052062298560445766
k1_off_lpt,mixed_20260816_131535__mixed_realistic_bell_ltrand0-5,store,store,uni_rank_cartlabor_norsl,5134902.694474668,5134990.032870436,-0.0017008773284413808,335261.15189481457,232067.94928751502,30.779946326640186,0.08345489382524696,0.12004761008548122,43.8472983224432,0.0054206167583882746,0.005420702864041848,0.0015884844365754755
k1_off_lpt,mixed_20260816_131535__mixed_realistic_bell_ltrand0-5,store,store,uni_rank_labor_norsl,5135535.64001454,5134561.7886023875,0.018962995886250226,334525.18470814417,232374.87355922736,30.535910543786905,0.08362144401975952,0.11986071162876989,43.337289894739364,0.005419523418741864,0.005419882326504919,0.006622496764446701
k1_off_lpt,mixed_20260816_131535__mixed_realistic_bell_ltrand0-5,store,store,uni_rank_maxlabor_norsl,5389722.86826063,5390137.2417649,-0.007688215412893662,350925.21462002286,246416.68407605786,29.780855347520536,0.07978371753534655,0.11323143299903654,41.92298440953402,0.0051705031410931536,0.005171737433387325,0.023871802424061207
k1_off_lpt,mixed_20260816_131535__mixed_realistic_bell_ltrand0-5,store,store,uni_rank_minlabor_norsl,5155371.448037253,5153862.200782902,0.02927523786721038,379626.26291807083,241222.98012386519,36.457773424404834,0.07381205309671637,0.11542049085131792,56.37079041830981,0.005411789390947532,0.005412545418428704,0.013970009299265724
k1_off_lpt,mixed_20260816_131535__mixed_realistic_bell_ltrand0-5,store,store,uni_rank_popularity_norsl,5229799.325795243,5228309.885620873,0.028479872392477647,341670.7324716556,237245.935233814,30.56299159205991,0.08250684229542876,0.11804096661853598,43.0680939113773,0.0053501216284017284,0.005352779114811288,0.04967151392320299
k1_off_lpt,mixed_20260816_131535__mixed_realistic_bell_ltrand0-5,store,store,uni_rank_random_norsl,5161209.754352997,5159739.711304947,0.028482528670926634,338408.28405280935,238372.169223431,29.560776004457235,0.0786500200262564,0.11109878709553471,41.25716313669807,0.005129808967977541,0.00513092183669287,0.02169415512889471
k1_off_lpt,mixed_20260816_131535__mixed_realistic_bell_ltrand0-5,store,store,uni_tmax_norsl,5194221.091913335,5197046.277631535,-0.05439094078222012,337477.3799062546,237691.00570394442,29.568314839361708,0.0785615997726451,0.11150221112957195,41.92965959483513,0.005095406443873697,0.005096190199795319,0.015381617349963461
k1_off_lpt,mixed_20260816_131535__mixed_realistic_bell_ltrand0-5,store,store,uni_tmin_norsl,5158262.895005879,5160258.090536884,-0.03867960147856647,336603.17266074836,235185.3978968557,30.12977387058334,0.07881997287771882,0.11250507255404699,42.73675623891317,0.005126307432923332,0.005126712792186156,0.007907431774792861
