cell,scheduler,pair,pickcfg,channel,arm,initial,assignment,items,elapsed_hours,labor_hours,mean_thr_items_hr,auc_item_hours,shape_index,auc_gain_vs_ref_pct,thr_gain_vs_ref_pct,labor_delta_vs_ref_pct
k1_off_rr,round_robin,mixed_20260816_131535__mixed_realistic_bell_lt0,ful_calibrated,fulfillment,opt_cluster_map_norsl,opt,cluster_map,6029996.0,1.2461051398022247,20.303727191399478,4839074.8159156535,3820239.715148612,1.0168312842805804,0.0,0.0,0.0
k1_off_rr,round_robin,mixed_20260816_131535__mixed_realistic_bell_lt0,ful_calibrated,fulfillment,opt_cluster_map_rank_norsl,opt,cluster_map_rank,6026720.0,1.2478497936673196,20.30415389579414,4829683.853445218,3776948.9917093343,1.004448764847109,0.0,0.0,0.0
k1_off_rr,round_robin,mixed_20260816_131535__mixed_realistic_bell_lt0,ful_calibrated,fulfillment,opt_cmax_norsl,opt,cmax,5929907.0,1.2071527493452598,20.251350825273956,4912308.739069091,3571206.769209483,0.9977802003075911,0.0,0.0,0.0
k1_off_rr,round_robin,mixed_20260816_131535__mixed_realistic_bell_lt0,ful_calibrated,fulfillment,opt_cmin_norsl,opt,cmin,5929936.0,1.083418339545663,20.249262056397182,5473357.597478689,3216419.6136862384,1.001282229372477,0.0,0.0,0.0
k1_off_rr,round_robin,mixed_20260816_131535__mixed_realistic_bell_lt0,ful_calibrated,fulfillment,opt_comp_norsl,opt,comp,6034047.0,1.2383296401986705,20.274612999993657,4872730.817484052,3740781.764846289,1.0012612558364917,0.0,0.0,0.0
k1_off_rr,round_robin,mixed_20260816_131535__mixed_realistic_bell_lt0,ful_calibrated,fulfillment,opt_expn_norsl,opt,expn,6039176.0,1.1519166388858888,20.32221226884462,5242719.65186732,3494952.253800864,1.0047835231805264,0.0,0.0,0.0
k1_off_rr,round_robin,mixed_20260816_131535__mixed_realistic_bell_lt0,ful_calibrated,fulfillment,opt_fifo_norsl,opt,fifo,5931256.0,1.0868081224613682,20.258478105900245,5457500.618018093,3233357.8820450627,1.0031923873574,0.0,0.0,0.0
k1_off_rr,round_robin,mixed_20260816_131535__mixed_realistic_bell_lt0,ful_calibrated,fulfillment,opt_map_norsl,opt,map,5929998.0,1.0907768987319642,20.24818740586622,5436490.273028026,3248096.496244908,1.0043115105587879,0.0,0.0,0.0
k1_off_rr,round_robin,mixed_20260816_131535__mixed_realistic_bell_lt0,ful_calibrated,fulfillment,opt_map_rank_norsl,opt,map_rank,5929989.0,1.0912462462380712,20.246662835487943,5434143.778677693,3244630.324267434,1.0028097963565492,0.0,0.0,0.0
k1_off_rr,round_robin,mixed_20260816_131535__mixed_realistic_bell_lt0,ful_calibrated,fulfillment,opt_rank_cartlabor_norsl,opt,rank_cartlabor,5929944.0,1.0853812616407386,20.254299648504674,5463466.350096997,3227381.9539309335,1.0028764897874967,0.0,0.0,0.0
k1_off_rr,round_robin,mixed_20260816_131535__mixed_realistic_bell_lt0,ful_calibrated,fulfillment,opt_rank_labor_norsl,opt,rank_labor,5929904.0,1.0862265113242742,20.254510687233367,5459178.116330959,3230737.8597891573,1.0031448682891755,0.0,0.0,0.0
k1_off_rr,round_robin,mixed_20260816_131535__mixed_realistic_bell_lt0,ful_calibrated,fulfillment,opt_rank_maxlabor_norsl,opt,rank_maxlabor,5929980.0,1.0836742679916491,20.256086106809565,5472105.571898378,3222337.558268733,1.002880158824624,0.0,0.0,0.0
k1_off_rr,round_robin,mixed_20260816_131535__mixed_realistic_bell_lt0,ful_calibrated,fulfillment,opt_rank_minlabor_norsl,opt,rank_minlabor,6018192.0,1.2120331675297142,20.307047799849087,4965369.068460297,3668106.980318689,1.0057532519153645,0.0,0.0,0.0
k1_off_rr,round_robin,mixed_20260816_131535__mixed_realistic_bell_lt0,ful_calibrated,fulfillment,opt_rank_popularity_norsl,opt,rank_popularity,5930041.0,1.0845192524482004,20.255468917646347,5467898.321411528,3220230.751294603,1.0014332951461709,0.0,0.0,0.0
k1_off_rr,round_robin,mixed_20260816_131535__mixed_realistic_bell_lt0,ful_calibrated,fulfillment,opt_rank_random_norsl,opt,rank_random,5931266.0,1.0864120723468735,20.25636178798997,5459499.347413588,3230355.752871941,1.002624619277888,0.0,0.0,0.0
k1_off_rr,round_robin,mixed_20260816_131535__mixed_realistic_bell_lt0,ful_calibrated,fulfillment,opt_tmax_norsl,opt,tmax,5929843.0,1.0851715678244973,20.254776389379693,5464429.013642405,3228939.793665118,1.0035715508697167,0.0,0.0,0.0
k1_off_rr,round_robin,mixed_20260816_131535__mixed_realistic_bell_lt0,ful_calibrated,fulfillment,opt_tmin_norsl,opt,tmin,5929906.0,1.0878203080632947,20.25389282023551,5451181.556407356,3234990.152898799,1.002993197232361,0.0,0.0,0.0
k1_off_rr,round_robin,mixed_20260816_131535__mixed_realistic_bell_lt0,ful_calibrated,fulfillment,uni_cluster_map_norsl,uni,cluster_map,6020389.0,1.2434544910028016,20.299351762952064,4841664.124872613,3789197.3593730535,1.0123315516696267,0.0,0.0,0.0
k1_off_rr,round_robin,mixed_20260816_131535__mixed_realistic_bell_lt0,ful_calibrated,fulfillment,uni_cluster_map_rank_norsl,uni,cluster_map_rank,6017219.0,1.2395039323136603,20.29587324671073,4854538.047949754,3773668.186866465,1.0119288533626398,0.0,0.0,0.0
k1_off_rr,round_robin,mixed_20260816_131535__mixed_realistic_bell_lt0,ful_calibrated,fulfillment,uni_cmax_norsl,uni,cmax,5930062.0,1.2047025692879134,20.25215888782157,4922428.283277585,3624298.8260638053,1.014646878076996,0.0,0.0,0.0
k1_off_rr,round_robin,mixed_20260816_131535__mixed_realistic_bell_lt0,ful_calibrated,fulfillment,uni_cmin_norsl,uni,cmin,5930190.0,1.0821188890651083,20.25511735995669,5480164.942988252,3215151.2595750922,1.0020463698401592,0.0,0.0,0.0
k1_off_rr,round_robin,mixed_20260816_131535__mixed_realistic_bell_lt0,ful_calibrated,fulfillment,uni_comp_norsl,uni,comp,6022496.0,1.2359800027032362,20.26788793587699,4872648.414074726,3775916.271232953,1.014528815444546,0.0,0.0,0.0
k1_off_rr,round_robin,mixed_20260816_131535__mixed_realistic_bell_lt0,ful_calibrated,fulfillment,uni_expn_norsl,uni,expn,6026075.0,1.153542351361985,20.31776522514262,5223973.782050591,3474070.4073366183,0.9995408203812537,0.0,0.0,0.0
k1_off_rr,round_robin,mixed_20260816_131535__mixed_realistic_bell_lt0,ful_calibrated,fulfillment,uni_fifo_norsl,uni,fifo,5931256.0,1.0868081224613682,20.258478105900245,5457500.618018093,3233357.8820450627,1.0031923873574,0.0,0.0,0.0
k1_off_rr,round_robin,mixed_20260816_131535__mixed_realistic_bell_lt0,ful_calibrated,fulfillment,uni_map_norsl,uni,map,5930176.0,1.0878327435728434,20.249361329240585,5451367.441398314,3237194.3939569863,1.0036194414095643,0.0,0.0,0.0
k1_off_rr,round_robin,mixed_20260816_131535__mixed_realistic_bell_lt0,ful_calibrated,fulfillment,uni_map_rank_norsl,uni,map_rank,5930181.0,1.0906334419122121,20.24891354669813,5437373.155918078,3241393.407770165,1.0023398130163306,0.0,0.0,0.0
k1_off_rr,round_robin,mixed_20260816_131535__mixed_realistic_bell_lt0,ful_calibrated,fulfillment,uni_rank_cartlabor_norsl,uni,rank_cartlabor,5930186.0,1.0842992566390597,20.253671037083166,5469141.44198665,3226012.6204041643,1.003410364067807,0.0,0.0,0.0
k1_off_rr,round_robin,mixed_20260816_131535__mixed_realistic_bell_lt0,ful_calibrated,fulfillment,uni_rank_labor_norsl,uni,rank_labor,5930055.0,1.0844892216994964,20.254961911885598,5468062.643081917,3225480.201772764,1.0030911868144783,0.0,0.0,0.0
k1_off_rr,round_robin,mixed_20260816_131535__mixed_realistic_bell_lt0,ful_calibrated,fulfillment,uni_rank_maxlabor_norsl,uni,rank_maxlabor,5930212.0,1.085056199922402,20.25690658896243,5465350.090091279,3232293.7535890234,1.0046582767818664,0.0,0.0,0.0
k1_off_rr,round_robin,mixed_20260816_131535__mixed_realistic_bell_lt0,ful_calibrated,fulfillment,uni_rank_minlabor_norsl,uni,rank_minlabor,6004184.0,1.184754448544361,20.298868164780046,5067872.087230389,3595396.9002040545,1.0108681062257971,0.0,0.0,0.0
k1_off_rr,round_robin,mixed_20260816_131535__mixed_realistic_bell_lt0,ful_calibrated,fulfillment,uni_rank_popularity_norsl,uni,rank_popularity,5930145.0,1.085662578022005,20.25599720692344,5462235.799638848,3229431.791355193,1.0032194213244674,0.0,0.0,0.0
k1_off_rr,round_robin,mixed_20260816_131535__mixed_realistic_bell_lt0,ful_calibrated,fulfillment,uni_rank_random_norsl,uni,rank_random,5931212.0,1.0870172864078562,20.256282051886494,5456410.007609179,3234817.2515006047,1.0034594986984833,0.0,0.0,0.0
k1_off_rr,round_robin,mixed_20260816_131535__mixed_realistic_bell_lt0,ful_calibrated,fulfillment,uni_tmax_norsl,uni,tmax,5930042.0,1.0852047728051177,20.25699510208721,5464445.189152263,3225006.007480724,1.0022846038338082,0.0,0.0,0.0
k1_off_rr,round_robin,mixed_20260816_131535__mixed_realistic_bell_lt0,ful_calibrated,fulfillment,uni_tmin_norsl,uni,tmin,5930074.0,1.0829595013482871,20.252997118669576,5475804.028328893,3216510.285440174,1.0017113885971745,0.0,0.0,0.0
k1_off_rr,round_robin,mixed_20260816_131535__mixed_realistic_bell_lt0,store,store,opt_cluster_map_norsl,opt,cluster_map,2540231.0,9.68763583994391,123.14901701629304,262213.71673841815,12428026.088600127,1.0100459579329084,0.0,0.0,0.0
k1_off_rr,round_robin,mixed_20260816_131535__mixed_realistic_bell_lt0,store,store,opt_cluster_map_rank_norsl,opt,cluster_map_rank,2540001.0,10.111862974945195,123.69470706008445,251190.21156571462,13010473.790068032,1.0131133643092944,0.0,0.0,0.0
k1_off_rr,round_robin,mixed_20260816_131535__mixed_realistic_bell_lt0,store,store,opt_cmax_norsl,opt,cmax,2534534.0,10.188735375215542,125.36731282857463,248758.4480960555,12844928.244023848,0.994817173487862,0.0,0.0,0.0
k1_off_rr,round_robin,mixed_20260816_131535__mixed_realistic_bell_lt0,store,store,opt_cmin_norsl,opt,cmin,2539103.0,8.075865777733211,125.53586302695177,314406.2902829339,10292237.70513442,1.0038536275511682,0.0,0.0,0.0
k1_off_rr,round_robin,mixed_20260816_131535__mixed_realistic_bell_lt0,store,store,opt_comp_norsl,opt,comp,2540674.0,10.945086023038407,125.73888606093733,232129.19429341287,14000863.102864062,1.00697034837912,0.0,0.0,0.0
k1_off_rr,round_robin,mixed_20260816_131535__mixed_realistic_bell_lt0,store,store,opt_expn_norsl,opt,expn,2539665.0,8.065647129109818,125.9522101156379,314874.30076553515,10244297.101766918,1.0002222455629721,0.0,0.0,0.0
k1_off_rr,round_robin,mixed_20260816_131535__mixed_realistic_bell_lt0,store,store,opt_fifo_norsl,opt,fifo,2535417.0,8.090728784024963,125.85589536322834,313373.1296253741,10263166.450310495,1.0006318609956562,0.0,0.0,0.0
k1_off_rr,round_robin,mixed_20260816_131535__mixed_realistic_bell_lt0,store,store,opt_map_norsl,opt,map,2536075.0,7.950016488771426,122.87997019389313,319002.4830240218,10128060.794228652,1.0046763356289299,0.0,0.0,0.0
k1_off_rr,round_robin,mixed_20260816_131535__mixed_realistic_bell_lt0,store,store,opt_map_rank_norsl,opt,map_rank,2536292.0,7.920250199754232,122.94422504537043,320228.7725807831,10043685.492602272,0.9999653408950246,0.0,0.0,0.0
k1_off_rr,round_robin,mixed_20260816_131535__mixed_realistic_bell_lt0,store,store,opt_rank_cartlabor_norsl,opt,rank_cartlabor,2535622.0,7.880155636315549,122.49795180271597,321773.08634802006,10021926.569581544,1.003140825924339,0.0,0.0,0.0
k1_off_rr,round_robin,mixed_20260816_131535__mixed_realistic_bell_lt0,store,store,opt_rank_labor_norsl,opt,rank_labor,2535348.0,7.9019366305483505,122.48276816142737,320851.4720554094,10044718.021304578,1.002759128026311,0.0,0.0,0.0
k1_off_rr,round_robin,mixed_20260816_131535__mixed_realistic_bell_lt0,store,store,opt_rank_maxlabor_norsl,opt,rank_maxlabor,2539098.0,8.409698847742028,129.89383753858294,301924.9614011729,10708950.078049418,1.0030370664910935,0.0,0.0,0.0
k1_off_rr,round_robin,mixed_20260816_131535__mixed_realistic_bell_lt0,store,store,opt_rank_minlabor_norsl,opt,rank_minlabor,2539931.0,9.500790564577496,122.80014198131055,267338.91066600435,12185645.299290271,1.0099430033731722,0.0,0.0,0.0
k1_off_rr,round_robin,mixed_20260816_131535__mixed_realistic_bell_lt0,store,store,opt_rank_popularity_norsl,opt,rank_popularity,2535992.0,8.057235126416,124.91977383677474,314747.17570120783,10257972.967480503,1.004055291554129,0.0,0.0,0.0
k1_off_rr,round_robin,mixed_20260816_131535__mixed_realistic_bell_lt0,store,store,opt_rank_random_norsl,opt,rank_random,2535009.0,8.103779942817903,125.11087341234732,312818.0945049834,10255647.623327246,0.9984491261312952,0.0,0.0,0.0
k1_off_rr,round_robin,mixed_20260816_131535__mixed_realistic_bell_lt0,store,store,opt_tmax_norsl,opt,tmax,2536143.0,8.187041786795165,126.88570288300632,309775.26022775786,10390824.644148918,1.0008736755553174,0.0,0.0,0.0
k1_off_rr,round_robin,mixed_20260816_131535__mixed_realistic_bell_lt0,store,store,opt_tmin_norsl,opt,tmin,2535095.0,8.08815527677155,125.06650549086238,313433.0280825052,10283989.626233324,1.0031084909695869,0.0,0.0,0.0
k1_off_rr,round_robin,mixed_20260816_131535__mixed_realistic_bell_lt0,store,store,uni_cluster_map_norsl,uni,cluster_map,2539714.0,10.10672648164515,123.44851824165275,251289.47583694686,13142373.561130507,1.024020091358617,0.0,0.0,0.0
k1_off_rr,round_robin,mixed_20260816_131535__mixed_realistic_bell_lt0,store,store,uni_cluster_map_rank_norsl,uni,cluster_map_rank,2539543.0,9.873106160386913,123.85286535850963,257218.24102218295,12731615.495021837,1.015556598282426,0.0,0.0,0.0
k1_off_rr,round_robin,mixed_20260816_131535__mixed_realistic_bell_lt0,store,store,uni_cmax_norsl,uni,cmax,2534064.0,9.852054432662467,125.34319847605428,257211.733585112,12669228.70425066,1.014929299009089,0.0,0.0,0.0
k1_off_rr,round_robin,mixed_20260816_131535__mixed_realistic_bell_lt0,store,store,uni_cmin_norsl,uni,cmin,2538569.0,8.070072541561135,125.48896247105327,314565.82167338487,10282951.997157212,1.0038790550306982,0.0,0.0,0.0
k1_off_rr,round_robin,mixed_20260816_131535__mixed_realistic_bell_lt0,store,store,uni_comp_norsl,uni,comp,2540320.0,10.039769710291127,125.73828039839951,253025.72402592862,13058682.466894288,1.0240406080270146,0.0,0.0,0.0
k1_off_rr,round_robin,mixed_20260816_131535__mixed_realistic_bell_lt0,store,store,uni_expn_norsl,uni,expn,2539370.0,8.116004837029143,125.95284093031972,312884.23935064266,10315893.996560378,1.0010795384552225,0.0,0.0,0.0
k1_off_rr,round_robin,mixed_20260816_131535__mixed_realistic_bell_lt0,store,store,uni_fifo_norsl,uni,fifo,2535417.0,8.090728784024963,125.85589536322834,313373.1296253741,10263166.450310495,1.0006318609956562,0.0,0.0,0.0
k1_off_rr,round_robin,mixed_20260816_131535__mixed_realistic_bell_lt0,store,store,uni_map_norsl,uni,map,2535840.0,7.937751391612156,123.26230393716024,319465.78758811083,10088378.524335595,1.002379148245266,0.0,0.0,0.0
k1_off_rr,round_robin,mixed_20260816_131535__mixed_realistic_bell_lt0,store,store,uni_map_rank_norsl,uni,map_rank,2536089.0,7.944935149703434,123.32081405745944,319208.2694463109,10061058.402605291,0.9986626755721301,0.0,0.0,0.0
k1_off_rr,round_robin,mixed_20260816_131535__mixed_realistic_bell_lt0,store,store,uni_rank_cartlabor_norsl,uni,rank_cartlabor,2535744.0,7.937770730763204,122.8025176828213,319452.9151834286,10052226.981880544,0.9988225179738798,0.0,0.0,0.0
k1_off_rr,round_robin,mixed_20260816_131535__mixed_realistic_bell_lt0,store,store,uni_rank_labor_norsl,uni,rank_labor,2535748.0,7.96558884558391,122.81013543473202,318337.79638347874,10145501.742774973,1.0045684812800213,0.0,0.0,0.0
k1_off_rr,round_robin,mixed_20260816_131535__mixed_realistic_bell_lt0,store,store,uni_rank_maxlabor_norsl,uni,rank_maxlabor,2539118.0,8.353197246570387,129.50032464340816,303969.596916019,10655671.557970623,1.0047897600360831,0.0,0.0,0.0
k1_off_rr,round_robin,mixed_20260816_131535__mixed_realistic_bell_lt0,store,store,uni_rank_minlabor_norsl,uni,rank_minlabor,2539535.0,9.240347572771892,123.04625143825997,274831.11214161804,11966761.55341734,1.0199153382725776,0.0,0.0,0.0
k1_off_rr,round_robin,mixed_20260816_131535__mixed_realistic_bell_lt0,store,store,uni_rank_popularity_norsl,uni,rank_popularity,2536000.0,8.104411999047102,124.96855289580475,312915.9771613508,10290861.873871189,1.0014078341581205,0.0,0.0,0.0
k1_off_rr,round_robin,mixed_20260816_131535__mixed_realistic_bell_lt0,store,store,uni_rank_random_norsl,uni,rank_random,2534973.0,8.104190398764526,125.15667505329286,312797.8089441795,10294188.457683474,1.0021647817264565,0.0,0.0,0.0
k1_off_rr,round_robin,mixed_20260816_131535__mixed_realistic_bell_lt0,store,store,uni_tmax_norsl,uni,tmax,2536011.0,8.127640635175617,126.73517721419496,312023.02289601706,10347561.283241697,1.004043148488407,0.0,0.0,0.0
k1_off_rr,round_robin,mixed_20260816_131535__mixed_realistic_bell_lt0,store,store,uni_tmin_norsl,uni,tmin,2535045.0,8.060487168219039,125.08808888117544,314502.7027640709,10253436.14243467,1.0035810743904316,0.0,0.0,0.0
k1_off_rr,round_robin,mixed_20260816_131535__mixed_realistic_bell_ltrand0-5,ful_calibrated,fulfillment,opt_cluster_map_norsl,opt,cluster_map,5031621.0,1.104700464506634,17.658697699307986,4554737.833161999,2798360.1362223704,1.0068879501201637,0.0,0.0,0.0
k1_off_rr,round_robin,mixed_20260816_131535__mixed_realistic_bell_ltrand0-5,ful_calibrated,fulfillment,opt_cluster_map_rank_norsl,opt,cluster_map_rank,5026945.0,1.1127285241362084,17.653347677572654,4517674.249343369,2811071.0365897184,1.005098121871384,0.0,0.0,0.0
k1_off_rr,round_robin,mixed_20260816_131535__mixed_realistic_bell_ltrand0-5,ful_calibrated,fulfillment,opt_cmax_norsl,opt,cmax,4958866.0,1.0508080831872275,17.661367503371583,4719097.691901229,2594608.9425501274,0.9958550466629301,0.0,0.0,0.0
k1_off_rr,round_robin,mixed_20260816_131535__mixed_realistic_bell_ltrand0-5,ful_calibrated,fulfillment,opt_cmin_norsl,opt,cmin,4955031.0,0.9446773066026073,17.64546190966675,5245210.153105126,2349634.346622938,1.00392303469152,0.0,0.0,0.0
k1_off_rr,round_robin,mixed_20260816_131535__mixed_realistic_bell_ltrand0-5,ful_calibrated,fulfillment,opt_comp_norsl,opt,comp,5037028.0,1.0903212140009664,17.649284207661406,4619765.198841243,2764810.5405713776,1.006854105007172,0.0,0.0,0.0
k1_off_rr,round_robin,mixed_20260816_131535__mixed_realistic_bell_ltrand0-5,ful_calibrated,fulfillment,opt_expn_norsl,opt,expn,5042831.0,1.0035076813851502,17.69447296562391,5025204.184824313,2504451.1348252967,0.989799985297279,0.0,0.0,0.0
k1_off_rr,round_robin,mixed_20260816_131535__mixed_realistic_bell_ltrand0-5,ful_calibrated,fulfillment,opt_fifo_norsl,opt,fifo,4959953.0,0.946629267662217,17.670421861775758,5239593.967181084,2358879.8476695204,1.0047969933922636,0.0,0.0,0.0
k1_off_rr,round_robin,mixed_20260816_131535__mixed_realistic_bell_ltrand0-5,ful_calibrated,fulfillment,opt_map_norsl,opt,map,4956349.0,0.9461752071538329,17.64291316098535,5238299.378937518,2357286.5556984837,1.005330668991919,0.0,0.0,0.0
k1_off_rr,round_robin,mixed_20260816_131535__mixed_realistic_bell_ltrand0-5,ful_calibrated,fulfillment,opt_map_rank_norsl,opt,map_rank,4954839.0,0.9468529272095654,17.63552025280038,5232955.25378183,2354171.6424704636,1.0035893552722521,0.0,0.0,0.0
k1_off_rr,round_robin,mixed_20260816_131535__mixed_realistic_bell_ltrand0-5,ful_calibrated,fulfillment,opt_rank_cartlabor_norsl,opt,rank_cartlabor,4967169.0,0.9474736565793166,17.68864464510316,5242540.481740749,2369554.4790823297,1.0069794636286027,0.0,0.0,0.0
k1_off_rr,round_robin,mixed_20260816_131535__mixed_realistic_bell_ltrand0-5,ful_calibrated,fulfillment,opt_rank_labor_norsl,opt,rank_labor,4967055.0,0.9491178031960354,17.689044355529916,5233338.773410491,2369021.503167317,1.0050320459197524,0.0,0.0,0.0
k1_off_rr,round_robin,mixed_20260816_131535__mixed_realistic_bell_ltrand0-5,ful_calibrated,fulfillment,opt_rank_maxlabor_norsl,opt,rank_maxlabor,4967354.0,0.945726758496298,17.690110687144355,5252419.8510551555,2362352.8275471833,1.005735938124535,0.0,0.0,0.0
k1_off_rr,round_robin,mixed_20260816_131535__mixed_realistic_bell_ltrand0-5,ful_calibrated,fulfillment,opt_rank_minlabor_norsl,opt,rank_minlabor,5019348.0,1.0378853202781606,17.691686535752147,4836129.678233409,2599176.9821130247,0.9978589833850258,0.0,0.0,0.0
k1_off_rr,round_robin,mixed_20260816_131535__mixed_realistic_bell_ltrand0-5,ful_calibrated,fulfillment,opt_rank_popularity_norsl,opt,rank_popularity,4967392.0,0.9482878087368981,17.688607685478924,5238274.661166924,2369178.270779331,1.005910023277124,0.0,0.0,0.0
k1_off_rr,round_robin,mixed_20260816_131535__mixed_realistic_bell_ltrand0-5,ful_calibrated,fulfillment,opt_rank_random_norsl,opt,rank_random,4961933.0,0.9483199573258136,17.66632525075757,5232340.584703346,2365096.1003826633,1.005247499622832,0.0,0.0,0.0
k1_off_rr,round_robin,mixed_20260816_131535__mixed_realistic_bell_ltrand0-5,ful_calibrated,fulfillment,opt_tmax_norsl,opt,tmax,4960661.0,0.9490849895931298,17.66736443472463,5226782.695327025,2371202.7115152776,1.0072888448468869,0.0,0.0,0.0
k1_off_rr,round_robin,mixed_20260816_131535__mixed_realistic_bell_ltrand0-5,ful_calibrated,fulfillment,opt_tmin_norsl,opt,tmin,4960625.0,0.9508831043895679,17.665376841599816,5216861.018037058,2374619.9391707727,1.0068402698871939,0.0,0.0,0.0
k1_off_rr,round_robin,mixed_20260816_131535__mixed_realistic_bell_ltrand0-5,ful_calibrated,fulfillment,uni_cluster_map_norsl,uni,cluster_map,5026472.0,1.098114191171852,17.661343341010994,4577367.308800557,2784560.904923113,1.0089646377325359,0.0,0.0,0.0
k1_off_rr,round_robin,mixed_20260816_131535__mixed_realistic_bell_ltrand0-5,ful_calibrated,fulfillment,uni_cluster_map_rank_norsl,uni,cluster_map_rank,5021919.0,1.0949491471546107,17.652321050438836,4586440.395930906,2788319.3676950396,1.014165558894148,0.0,0.0,0.0
k1_off_rr,round_robin,mixed_20260816_131535__mixed_realistic_bell_ltrand0-5,ful_calibrated,fulfillment,uni_cmax_norsl,uni,cmax,4958906.0,1.0363039542609294,17.662421009944033,4785184.867442284,2604905.3543637753,1.0137921237255225,0.0,0.0,0.0
k1_off_rr,round_robin,mixed_20260816_131535__mixed_realistic_bell_ltrand0-5,ful_calibrated,fulfillment,uni_cmin_norsl,uni,cmin,4958940.0,0.9421140161738255,17.665833697663725,5263630.425688356,2349603.2583944025,1.0058476667199372,0.0,0.0,0.0
k1_off_rr,round_robin,mixed_20260816_131535__mixed_realistic_bell_ltrand0-5,ful_calibrated,fulfillment,uni_comp_norsl,uni,comp,5029909.0,1.0879903021475772,17.646093052127267,4623119.3330230005,2776245.554091562,1.0146183662560315,0.0,0.0,0.0
k1_off_rr,round_robin,mixed_20260816_131535__mixed_realistic_bell_ltrand0-5,ful_calibrated,fulfillment,uni_expn_norsl,uni,expn,5034593.0,0.9976081158481546,17.69548941918965,5046664.035726743,2494311.716627124,0.99324498553812,0.0,0.0,0.0
k1_off_rr,round_robin,mixed_20260816_131535__mixed_realistic_bell_ltrand0-5,ful_calibrated,fulfillment,uni_fifo_norsl,uni,fifo,4959953.0,0.946629267662217,17.670421861775758,5239593.967181084,2358879.8476695204,1.0047969933922636,0.0,0.0,0.0
k1_off_rr,round_robin,mixed_20260816_131535__mixed_realistic_bell_ltrand0-5,ful_calibrated,fulfillment,uni_map_norsl,uni,map,4956075.0,0.9473514190753503,17.642855809160515,5231506.387394565,2355730.94094896,1.00347533435096,0.0,0.0,0.0
k1_off_rr,round_robin,mixed_20260816_131535__mixed_realistic_bell_ltrand0-5,ful_calibrated,fulfillment,uni_map_rank_norsl,uni,map_rank,4954804.0,0.9486631636155668,17.637253246207543,5222932.849122272,2356294.2662035585,1.002584544122364,0.0,0.0,0.0
k1_off_rr,round_robin,mixed_20260816_131535__mixed_realistic_bell_ltrand0-5,ful_calibrated,fulfillment,uni_rank_cartlabor_norsl,uni,rank_cartlabor,4967324.0,0.9476886713460687,17.690253343283125,5241514.592492239,2365026.942971649,1.004796031029872,0.0,0.0,0.0
k1_off_rr,round_robin,mixed_20260816_131535__mixed_realistic_bell_ltrand0-5,ful_calibrated,fulfillment,uni_rank_labor_norsl,uni,rank_labor,4967209.0,0.9494161840484694,17.689895498293513,5231856.2538285265,2370906.8756776797,1.005484609634323,0.0,0.0,0.0
k1_off_rr,round_robin,mixed_20260816_131535__mixed_realistic_bell_ltrand0-5,ful_calibrated,fulfillment,uni_rank_maxlabor_norsl,uni,rank_maxlabor,4967275.0,0.944687703766835,17.69076613546983,5258113.3216761,2359507.8696611025,1.0056456030431675,0.0,0.0,0.0
k1_off_rr,round_robin,mixed_20260816_131535__mixed_realistic_bell_ltrand0-5,ful_calibrated,fulfillment,uni_rank_minlabor_norsl,uni,rank_minlabor,5011022.0,1.019725822789925,17.68688797650719,4914087.579237783,2569478.3296314767,1.0056925392723035,0.0,0.0,0.0
k1_off_rr,round_robin,mixed_20260816_131535__mixed_realistic_bell_ltrand0-5,ful_calibrated,fulfillment,uni_rank_popularity_norsl,uni,rank_popularity,4967390.0,0.9472433658856714,17.689420853618756,5244048.339526238,2363098.5326774977,1.004435364661776,0.0,0.0,0.0
k1_off_rr,round_robin,mixed_20260816_131535__mixed_realistic_bell_ltrand0-5,ful_calibrated,fulfillment,uni_rank_random_norsl,uni,rank_random,4961808.0,0.9481965649932271,17.666127825496783,5232889.659366612,2365017.178685194,1.005370094470954,0.0,0.0,0.0
k1_off_rr,round_robin,mixed_20260816_131535__mixed_realistic_bell_ltrand0-5,ful_calibrated,fulfillment,uni_tmax_norsl,uni,tmax,4960809.0,0.9457690490769624,17.66776348501507,5245264.692095366,2360613.0704342206,1.0062761963966909,0.0,0.0,0.0
k1_off_rr,round_robin,mixed_20260816_131535__mixed_realistic_bell_ltrand0-5,ful_calibrated,fulfillment,uni_tmin_norsl,uni,tmin,4960662.0,0.9520738133002119,17.66613889342775,5210375.425414398,2380515.930782467,1.0080703259616743,0.0,0.0,0.0
k1_off_rr,round_robin,mixed_20260816_131535__mixed_realistic_bell_ltrand0-5,store,store,opt_cluster_map_norsl,opt,cluster_map,1957306.0,8.239641886064604,102.1817175612516,237547.45983685504,8226182.439587752,1.0201435044259226,0.0,0.0,0.0
k1_off_rr,round_robin,mixed_20260816_131535__mixed_realistic_bell_ltrand0-5,store,store,opt_cluster_map_rank_norsl,opt,cluster_map_rank,1956784.0,8.438770339182925,102.27188799459407,231880.22915071575,8444297.072366074,1.0227546030884898,0.0,0.0,0.0
k1_off_rr,round_robin,mixed_20260816_131535__mixed_realistic_bell_ltrand0-5,store,store,opt_cmax_norsl,opt,cmax,1957648.0,8.17962092145648,102.69409027709513,239332.36256276496,8049712.638379833,1.005408588057662,0.0,0.0,0.0
k1_off_rr,round_robin,mixed_20260816_131535__mixed_realistic_bell_ltrand0-5,store,store,opt_cmin_norsl,opt,cmin,1963772.0,6.636166961887161,103.0886755591756,295919.61915339634,6597122.717142004,1.012456075644777,0.0,0.0,0.0
k1_off_rr,round_robin,mixed_20260816_131535__mixed_realistic_bell_ltrand0-5,store,store,opt_comp_norsl,opt,comp,1959017.0,8.451979963413697,103.93479971600063,231782.02131098835,8431436.58061694,1.0184387373512118,0.0,0.0,0.0
k1_off_rr,round_robin,mixed_20260816_131535__mixed_realistic_bell_ltrand0-5,store,store,opt_expn_norsl,opt,expn,1959774.0,6.805644366125453,104.13897500769934,287963.0340008093,6784846.072583257,1.0174070725447015,0.0,0.0,0.0
k1_off_rr,round_robin,mixed_20260816_131535__mixed_realistic_bell_ltrand0-5,store,store,opt_fifo_norsl,opt,fifo,1959915.0,6.680796423289982,102.93714391592565,293365.4725905917,6621923.952366355,1.0114599934016637,0.0,0.0,0.0
k1_off_rr,round_robin,mixed_20260816_131535__mixed_realistic_bell_ltrand0-5,store,store,opt_map_norsl,opt,map,1986503.0,6.550554751068613,101.74681612623583,303257.21644810855,6559851.249231617,1.0082231866736564,0.0,0.0,0.0
k1_off_rr,round_robin,mixed_20260816_131535__mixed_realistic_bell_ltrand0-5,store,store,opt_map_rank_norsl,opt,map_rank,1985430.0,6.60666521083681,101.74606255304343,300519.2387747044,6643713.131895533,1.012987270574285,0.0,0.0,0.0
k1_off_rr,round_robin,mixed_20260816_131535__mixed_realistic_bell_ltrand0-5,store,store,opt_rank_cartlabor_norsl,opt,rank_cartlabor,2018209.0,6.634186782684052,102.08473907820421,304213.4727451064,6776319.450216658,1.0122086254135012,0.0,0.0,0.0
k1_off_rr,round_robin,mixed_20260816_131535__mixed_realistic_bell_ltrand0-5,store,store,opt_rank_labor_norsl,opt,rank_labor,2017852.0,6.659145714966591,102.08088113455662,303019.64942212164,6823525.00520278,1.0156193233672755,0.0,0.0,0.0
k1_off_rr,round_robin,mixed_20260816_131535__mixed_realistic_bell_ltrand0-5,store,store,opt_rank_maxlabor_norsl,opt,rank_maxlabor,2022925.0,7.026573764495666,107.90497402414425,287896.35856689763,7173834.796871284,1.0093876238766164,0.0,0.0,0.0
k1_off_rr,round_robin,mixed_20260816_131535__mixed_realistic_bell_ltrand0-5,store,store,opt_rank_minlabor_norsl,opt,rank_minlabor,2023006.0,7.76295802859658,102.50925706408553,260597.31258984117,7850429.438117892,0.9997674685037886,0.0,0.0,0.0
k1_off_rr,round_robin,mixed_20260816_131535__mixed_realistic_bell_ltrand0-5,store,store,opt_rank_popularity_norsl,opt,rank_popularity,2026372.0,6.732746577617633,104.21286229073833,300972.5639661648,6901360.308373333,1.0117035031564119,0.0,0.0,0.0
k1_off_rr,round_robin,mixed_20260816_131535__mixed_realistic_bell_ltrand0-5,store,store,opt_rank_random_norsl,opt,rank_random,1948950.0,6.797602025965579,103.3258418690518,286711.40095512685,6769264.716996188,1.0219156762457249,0.0,0.0,0.0
k1_off_rr,round_robin,mixed_20260816_131535__mixed_realistic_bell_ltrand0-5,store,store,opt_tmax_norsl,opt,tmax,1950962.0,6.86531821123056,104.25803154971642,284176.4853388061,6804800.61267847,1.0160987517279207,0.0,0.0,0.0
k1_off_rr,round_robin,mixed_20260816_131535__mixed_realistic_bell_ltrand0-5,store,store,opt_tmin_norsl,opt,tmin,1948694.0,6.752211421809183,103.28422024050583,288600.856558764,6677652.838788902,1.0149955832857276,0.0,0.0,0.0
k1_off_rr,round_robin,mixed_20260816_131535__mixed_realistic_bell_ltrand0-5,store,store,uni_cluster_map_norsl,uni,cluster_map,1958253.0,8.026973440146673,102.3917442545529,243959.07306804517,7967535.595256966,1.0137558690159003,0.0,0.0,0.0
k1_off_rr,round_robin,mixed_20260816_131535__mixed_realistic_bell_ltrand0-5,store,store,uni_cluster_map_rank_norsl,uni,cluster_map_rank,1956104.0,8.172853732726384,102.45773786783262,239341.61358684476,8164890.94745569,1.021444364099333,0.0,0.0,0.0
k1_off_rr,round_robin,mixed_20260816_131535__mixed_realistic_bell_ltrand0-5,store,store,uni_cmax_norsl,uni,cmax,1957513.0,7.551666472371108,102.65405273183306,259216.029622316,7528871.823967371,1.0186205736842902,0.0,0.0,0.0
k1_off_rr,round_robin,mixed_20260816_131535__mixed_realistic_bell_ltrand0-5,store,store,uni_cmin_norsl,uni,cmin,1964136.0,6.70708178956222,103.13693209801853,292845.0944279005,6675739.099204161,1.0135010262792843,0.0,0.0,0.0
k1_off_rr,round_robin,mixed_20260816_131535__mixed_realistic_bell_ltrand0-5,store,store,uni_comp_norsl,uni,comp,1957583.0,8.423886743564283,103.91166903239588,232384.7719694905,8422792.935974812,1.021535387310279,0.0,0.0,0.0
k1_off_rr,round_robin,mixed_20260816_131535__mixed_realistic_bell_ltrand0-5,store,store,uni_expn_norsl,uni,expn,1959236.0,6.874335709973585,104.0948504728286,285007.32036659995,6822910.213815041,1.0131696283726108,0.0,0.0,0.0
k1_off_rr,round_robin,mixed_20260816_131535__mixed_realistic_bell_ltrand0-5,store,store,uni_fifo_norsl,uni,fifo,1959915.0,6.680796423289982,102.93714391592565,293365.4725905917,6621923.952366355,1.0114599934016637,0.0,0.0,0.0
k1_off_rr,round_robin,mixed_20260816_131535__mixed_realistic_bell_ltrand0-5,store,store,uni_map_norsl,uni,map,1985778.0,6.615701503606853,102.08482048786934,300161.3659439384,6608454.765245164,1.0060586986829247,0.0,0.0,0.0
k1_off_rr,round_robin,mixed_20260816_131535__mixed_realistic_bell_ltrand0-5,store,store,uni_map_rank_norsl,uni,map_rank,1985293.0,6.571357012019158,102.06035656229797,302113.09420091694,6549341.95426255,1.0040330027193767,0.0,0.0,0.0
k1_off_rr,round_robin,mixed_20260816_131535__mixed_realistic_bell_ltrand0-5,store,store,uni_rank_cartlabor_norsl,uni,rank_cartlabor,2018545.0,6.678986466903594,102.4372338573456,302223.250489053,6836727.577716102,1.0142132299737006,0.0,0.0,0.0
k1_off_rr,round_robin,mixed_20260816_131535__mixed_realistic_bell_ltrand0-5,store,store,uni_rank_labor_norsl,uni,rank_labor,2018454.0,6.674137736483536,102.44369763226055,302429.17957271304,6816198.180237652,1.0119479691547932,0.0,0.0,0.0
k1_off_rr,round_robin,mixed_20260816_131535__mixed_realistic_bell_ltrand0-5,store,store,uni_rank_maxlabor_norsl,uni,rank_maxlabor,2022162.0,6.989701046960056,107.51154729740058,289305.9354633592,7156063.537338557,1.0125806815629006,0.0,0.0,0.0
k1_off_rr,round_robin,mixed_20260816_131535__mixed_realistic_bell_ltrand0-5,store,store,uni_rank_minlabor_norsl,uni,rank_minlabor,2022841.0,7.479033639778097,102.78238388965481,270468.2312486587,7708687.274101341,1.0190680578038533,0.0,0.0,0.0
k1_off_rr,round_robin,mixed_20260816_131535__mixed_realistic_bell_ltrand0-5,store,store,uni_rank_popularity_norsl,uni,rank_popularity,2026933.0,6.781116231139884,104.32409597882175,298908.4585649816,6957783.362538452,1.0124190684147485,0.0,0.0,0.0
k1_off_rr,round_robin,mixed_20260816_131535__mixed_realistic_bell_ltrand0-5,store,store,uni_rank_random_norsl,uni,rank_random,1949652.0,6.762375301431672,103.37709550669562,288308.75440871145,6702398.054209967,1.0167257978289406,0.0,0.0,0.0
k1_off_rr,round_robin,mixed_20260816_131535__mixed_realistic_bell_ltrand0-5,store,store,uni_tmax_norsl,uni,tmax,1950270.0,6.782550392913344,104.17253143773372,287542.2793817667,6734765.625187396,1.0182741357106162,0.0,0.0,0.0
k1_off_rr,round_robin,mixed_20260816_131535__mixed_realistic_bell_ltrand0-5,store,store,uni_tmin_norsl,uni,tmin,1948150.0,6.757858852970613,103.33288848039996,288279.1787140736,6699235.749494595,1.0177093094833236,0.0,0.0,0.0
k1_off_lpt,lpt,mixed_20260816_131535__mixed_realistic_bell_lt0,ful_calibrated,fulfillment,opt_cluster_map_norsl,opt,cluster_map,6030027.0,1.0764895537748465,20.304344958066718,5601565.736383553,3250381.233742812,1.0014637206694248,13.420867174139623,15.756956638902885,0.0030426269099104175
k1_off_lpt,lpt,mixed_20260816_131535__mixed_realistic_bell_lt0,ful_calibrated,fulfillment,opt_cluster_map_rank_norsl,opt,cluster_map_rank,6026442.0,1.0715718716339262,20.30138351784993,5623927.017429935,3236751.831685143,1.0024370549795563,16.101679014076538,16.44503425246251,-0.013644390002298667
k1_off_lpt,lpt,mixed_20260816_131535__mixed_realistic_bell_lt0,ful_calibrated,fulfillment,opt_cmax_norsl,opt,cmax,5929900.0,1.0282605471928121,20.25028094701191,5766923.583899857,3054866.510622965,1.0020091575518668,18.027711511650352,17.397417186622512,-0.0052829970271006665
k1_off_lpt,lpt,mixed_20260816_131535__mixed_realistic_bell_lt0,ful_calibrated,fulfillment,opt_cmin_norsl,opt,cmin,5929944.0,1.0293572691055073,20.250623960340405,5760821.998326211,3057782.3122614976,1.0018895157653374,5.30388628874451,5.252066866231142,0.006725696667020387
k1_off_lpt,lpt,mixed_20260816_131535__mixed_realistic_bell_lt0,ful_calibrated,fulfillment,opt_comp_norsl,opt,comp,6033932.0,1.0763363357410773,20.27315388088833,5605991.175467961,3249797.086942851,1.0007781790078019,15.011845759353488,15.04824266821525,-0.007196779072071724
k1_off_lpt,lpt,mixed_20260816_131535__mixed_realistic_bell_lt0,ful_calibrated,fulfillment,opt_expn_norsl,opt,expn,6039342.0,1.0618262699373495,20.323971649188806,5687693.14810448,3208051.817899494,1.000525773893083,7.953879317974908,8.487455477018923,0.008657425288705056
k1_off_lpt,lpt,mixed_20260816_131535__mixed_realistic_bell_lt0,ful_calibrated,fulfillment,opt_fifo_norsl,opt,fifo,5931161.0,1.0303963562747755,20.25869380290921,5756193.685935685,3061271.9867731156,1.001815820581118,5.297882504752546,5.473074376417819,0.001064724644361803
k1_off_lpt,lpt,mixed_20260816_131535__mixed_realistic_bell_lt0,ful_calibrated,fulfillment,opt_map_norsl,opt,map,5929970.0,1.028701343474932,20.250078362792628,5764520.516682406,3055338.5695949085,1.0017227448885944,5.711176691567949,6.033860582475992,0.009338894827992661
k1_off_lpt,lpt,mixed_20260816_131535__mixed_realistic_bell_lt0,ful_calibrated,fulfillment,opt_map_rank_norsl,opt,map_rank,5929991.0,1.0278258158166294,20.2497694345994,5769451.310471801,3052516.262379742,1.0016463807973328,6.012453651040613,6.170383881077579,0.015343758804609031
k1_off_lpt,lpt,mixed_20260816_131535__mixed_realistic_bell_lt0,ful_calibrated,fulfillment,opt_rank_cartlabor_norsl,opt,rank_cartlabor,5929944.0,1.0300148934107596,20.25343298183801,5757143.938340315,3059187.7462720834,1.0017100481444507,5.221635043611179,5.375297831533343,-0.004278926853573672
k1_off_lpt,lpt,mixed_20260816_131535__mixed_realistic_bell_lt0,ful_calibrated,fulfillment,opt_rank_labor_norsl,opt,rank_labor,5929904.0,1.0296699888659244,20.254310687233367,5759033.539018827,3057969.823202793,1.0016534094946776,5.303782194476282,5.492684361971256,-0.0009874343699922683
k1_off_lpt,lpt,mixed_20260816_131535__mixed_realistic_bell_lt0,ful_calibrated,fulfillment,opt_rank_maxlabor_norsl,opt,rank_maxlabor,5929993.0,1.0298427290449377,20.255974176222594,5758153.971237333,3059597.9413528433,1.0020035677356676,5.109821070939391,5.227391825332028,-0.0005525775630177421
k1_off_lpt,lpt,mixed_20260816_131535__mixed_realistic_bell_lt0,ful_calibrated,fulfillment,opt_rank_minlabor_norsl,opt,rank_minlabor,6017525.0,1.065884560740792,20.30832960968235,5645569.15602362,3213806.9478242174,1.002124560635223,13.150835565608466,13.698882765511033,0.006312142690045874
k1_off_lpt,lpt,mixed_20260816_131535__mixed_realistic_bell_lt0,ful_calibrated,fulfillment,opt_rank_popularity_norsl,opt,rank_popularity,5930041.0,1.0299973555133073,20.254402250979677,5757336.140969719,3059425.009721268,1.0017884090895741,5.318422725300396,5.293401642543216,-0.005266067505060867
k1_off_lpt,lpt,mixed_20260816_131535__mixed_realistic_bell_lt0,ful_calibrated,fulfillment,opt_rank_random_norsl,opt,rank_random,5931072.0,1.0303978668513307,20.255096310725435,5756098.872879125,3061168.744053901,1.0017955977224355,5.318192709964731,5.432723892641356,-0.006247307773132871
k1_off_lpt,lpt,mixed_20260816_131535__mixed_realistic_bell_lt0,ful_calibrated,fulfillment,opt_tmax_norsl,opt,tmax,5929866.0,1.029971636464154,20.255803808100218,5757309.997736405,3059509.1794307088,1.001870551844927,5.145269287694429,5.359772875863111,0.005072476243506152
k1_off_lpt,lpt,mixed_20260816_131535__mixed_realistic_bell_lt0,ful_calibrated,fulfillment,opt_tmin_norsl,opt,tmin,5929903.0,1.0296350237538294,20.252232913352167,5759228.137346027,3058444.826083067,1.0018431882021612,5.499184279386242,5.651005708598933,-0.008195495542884235
k1_off_lpt,lpt,mixed_20260816_131535__mixed_realistic_bell_lt0,ful_calibrated,fulfillment,uni_cluster_map_norsl,uni,cluster_map,6020442.0,1.0728324461638816,20.299184766658954,5611726.250009726,3244580.2431912366,1.004681114289235,14.600175940894234,15.90490594300309,-0.0008226681081247023
k1_off_lpt,lpt,mixed_20260816_131535__mixed_realistic_bell_lt0,ful_calibrated,fulfillment,uni_cluster_map_rank_norsl,uni,cluster_map_rank,6017479.0,1.070272143970087,20.295745402958634,5622382.151962447,3229262.0363406516,1.0028234412517114,14.382902370216962,15.817037510643917,-0.0006299002291876299
k1_off_lpt,lpt,mixed_20260816_131535__mixed_realistic_bell_lt0,ful_calibrated,fulfillment,uni_cmax_norsl,uni,cmax,5930086.0,1.0289165813594185,20.251498030070554,5763427.383165591,3056652.783037763,1.0019243840014724,15.087710486041436,17.08504525591643,-0.0032631471769239973
k1_off_lpt,lpt,mixed_20260816_131535__mixed_realistic_bell_lt0,ful_calibrated,fulfillment,uni_cmin_norsl,uni,cmin,5930160.0,1.0297788657778495,20.25422047383476,5758673.242454455,3058865.594212292,1.001797640899316,5.040248420411606,5.082115271412557,-0.004427948285812278
k1_off_lpt,lpt,mixed_20260816_131535__mixed_realistic_bell_lt0,ful_calibrated,fulfillment,uni_comp_norsl,uni,comp,6022465.0,1.0757944766804468,20.268172060662362,5598155.717050506,3250366.0744640725,1.0033643750600643,13.136932989295808,14.889383376812892,0.0014018470314791642
k1_off_lpt,lpt,mixed_20260816_131535__mixed_realistic_bell_lt0,ful_calibrated,fulfillment,uni_expn_norsl,uni,expn,6026587.0,1.0563684728100518,20.31911660400513,5705004.603146326,3187895.125794378,1.0014912510175613,9.42475849673368,9.208140032182799,0.006651218022946104
k1_off_lpt,lpt,mixed_20260816_131535__mixed_realistic_bell_lt0,ful_calibrated,fulfillment,uni_fifo_norsl,uni,fifo,5931161.0,1.0303963562747755,20.25869380290921,5756193.685935685,3061271.9867731156,1.001815820581118,5.297882504752546,5.473074376417819,0.001064724644361803
k1_off_lpt,lpt,mixed_20260816_131535__mixed_realistic_bell_lt0,ful_calibrated,fulfillment,uni_map_norsl,uni,map,5930221.0,1.0286138025051537,20.25157572945206,5765255.128365136,3055601.7555257273,1.001851886959273,5.532025302463159,5.7579623890901654,0.010935654589161459
k1_off_lpt,lpt,mixed_20260816_131535__mixed_realistic_bell_lt0,ful_calibrated,fulfillment,uni_map_rank_norsl,uni,map_rank,5930164.0,1.0272994795645078,20.250619893424734,5772575.687971643,3051097.3608511016,1.0016645174385044,6.0641575381002735,6.164788077653438,0.008426855705945258
k1_off_lpt,lpt,mixed_20260816_131535__mixed_realistic_bell_lt0,ful_calibrated,fulfillment,uni_rank_cartlabor_norsl,uni,rank_cartlabor,5930186.0,1.0297344269116093,20.255004370416497,5758947.011013197,3058607.326115612,1.0017518940172845,5.090961891933346,5.298922547544782,0.006583168705032172
k1_off_lpt,lpt,mixed_20260816_131535__mixed_realistic_bell_lt0,ful_calibrated,fulfillment,uni_rank_labor_norsl,uni,rank_labor,5930055.0,1.02986619169385,20.25629524521893,5758082.989642248,3058784.0531746764,1.0017037283420682,5.1271837659828465,5.303895830953187,0.0065827491511960545
k1_off_lpt,lpt,mixed_20260816_131535__mixed_realistic_bell_lt0,ful_calibrated,fulfillment,uni_rank_maxlabor_norsl,uni,rank_maxlabor,5930139.0,1.0299748872211436,20.25674898992692,5757556.881798763,3059859.833224409,1.0019360876659753,5.01123682530018,5.346533833893963,-0.0007780014920744094
k1_off_lpt,lpt,mixed_20260816_131535__mixed_realistic_bell_lt0,ful_calibrated,fulfillment,uni_rank_minlabor_norsl,uni,rank_minlabor,6004537.0,1.0596690235182629,20.29890237370556,5666426.843415712,3191339.235420424,1.003120724076538,10.670905206112721,11.81077079063444,0.00016852627069408044
k1_off_lpt,lpt,mixed_20260816_131535__mixed_realistic_bell_lt0,ful_calibrated,fulfillment,uni_rank_popularity_norsl,uni,rank_popularity,5930145.0,1.0296794494079604,20.254197206923436,5759214.679296244,3058525.84707942,1.001785619160633,5.254053739546413,5.436947260259828,-0.008886257149498533
k1_off_lpt,lpt,mixed_20260816_131535__mixed_realistic_bell_lt0,ful_calibrated,fulfillment,uni_rank_random_norsl,uni,rank_random,5931274.0,1.0302499259941738,20.256109437928348,5757121.500665405,3060876.934656729,1.0018098220393967,5.306130962092797,5.511160133437021,-0.0008521502499969635
k1_off_lpt,lpt,mixed_20260816_131535__mixed_realistic_bell_lt0,ful_calibrated,fulfillment,uni_tmax_norsl,uni,tmax,5930070.0,1.029897514848618,20.25639438674274,5757922.428691019,3059222.4914506446,1.001814305873577,5.297757091226477,5.370668556093339,-0.002965471144367182
k1_off_lpt,lpt,mixed_20260816_131535__mixed_realistic_bell_lt0,ful_calibrated,fulfillment,uni_tmin_norsl,uni,tmin,5930068.0,1.0295396026821346,20.252371896281407,5759922.18711268,3058097.627645243,1.0017944262562892,5.181042913366435,5.188610792386128,-0.003087061063145047
k1_off_lpt,lpt,mixed_20260816_131535__mixed_realistic_bell_lt0,store,store,opt_cluster_map_norsl,opt,cluster_map,2540273.0,6.3428723866979935,123.20386935379177,400492.52848399634,8143297.608977028,1.0107969821770308,51.04034727841367,52.735155683531154,0.0445414334825589
k1_off_lpt,lpt,mixed_20260816_131535__mixed_realistic_bell_lt0,store,store,opt_cluster_map_rank_norsl,opt,cluster_map_rank,2540024.0,6.55154793107743,123.71217456883926,387698.3007254413,8453587.237052131,1.0159896682424852,53.016985877470916,54.34450980746692,0.014121468226058198
k1_off_lpt,lpt,mixed_20260816_131535__mixed_realistic_bell_lt0,store,store,opt_cmax_norsl,opt,cmax,2534728.0,6.515437862888307,125.3682241700699,389034.17595887405,8171453.037889869,0.989587760443456,56.34841256029245,56.39033726752167,0.0007269370896567651
k1_off_lpt,lpt,mixed_20260816_131535__mixed_realistic_bell_lt0,store,store,opt_cmin_norsl,opt,cmin,2538834.0,5.715691164858071,125.48443983021346,444186.70057080366,7301368.03180524,1.0063085793835091,41.281271936936506,41.27793059454392,-0.04096295313417153
k1_off_lpt,lpt,mixed_20260816_131535__mixed_realistic_bell_lt0,store,store,opt_comp_norsl,opt,comp,2540569.0,6.58614425914482,125.72112592099288,385744.5115133085,8364755.694805674,0.9998181661501351,65.07802537359542,66.17664688299605,-0.014124620076438887
k1_off_lpt,lpt,mixed_20260816_131535__mixed_realistic_bell_lt0,store,store,opt_expn_norsl,opt,expn,2539518.0,5.767520595940577,125.9683738949177,440313.64218923106,7354731.807120483,1.00428363724658,40.56460145964166,39.83791027680654,0.012833263715639198
k1_off_lpt,lpt,mixed_20260816_131535__mixed_realistic_bell_lt0,store,store,opt_fifo_norsl,opt,fifo,2535476.0,5.611241761935702,125.8330459286527,451856.48873652174,7154669.996695576,1.0057756519838226,44.644367690886014,44.19120403740402,-0.018155235803374303
k1_off_lpt,lpt,mixed_20260816_131535__mixed_realistic_bell_lt0,store,store,opt_map_norsl,opt,map,2536515.0,5.436984631410807,122.88454826708814,466529.7351303744,6935974.189667806,1.005870157904363,45.89287480069651,46.2464275223975,0.0037256464074486573
k1_off_lpt,lpt,mixed_20260816_131535__mixed_realistic_bell_lt0,store,store,opt_map_rank_norsl,opt,map_rank,2536190.0,5.457550852382388,122.94371329773611,464712.1151226425,6966939.949717444,1.0066824235538365,45.861976423190036,45.118788476576064,-0.0004162437350241355
k1_off_lpt,lpt,mixed_20260816_131535__mixed_realistic_bell_lt0,store,store,opt_rank_cartlabor_norsl,opt,rank_cartlabor,2535381.0,5.418810548343821,122.49394870872007,467885.15254051494,6906389.397330614,1.0053883716877854,45.28933131953711,45.408417419493084,-0.003267886472380077
k1_off_lpt,lpt,mixed_20260816_131535__mixed_realistic_bell_lt0,store,store,opt_rank_labor_norsl,opt,rank_labor,2535562.0,5.426638653057826,122.49579488814672,467243.5668019374,6918697.990293375,1.0056554946586433,45.79519178956694,45.626125324819085,0.010635558711546977
k1_off_lpt,lpt,mixed_20260816_131535__mixed_realistic_bell_lt0,store,store,opt_rank_maxlabor_norsl,opt,rank_maxlabor,2539154.0,5.830277936583334,129.89320726471232,435511.65615408,7448393.411423257,1.006269484256012,44.470589790427404,44.244998536377445,-0.0004852223035145542
k1_off_lpt,lpt,mixed_20260816_131535__mixed_realistic_bell_lt0,store,store,opt_rank_minlabor_norsl,opt,rank_minlabor,2539767.0,6.019131757793247,122.80125533633552,421949.0621237269,7624786.235854848,0.997539133748307,54.60901383597506,57.83301468258104,0.0009066398515500396
k1_off_lpt,lpt,mixed_20260816_131535__mixed_realistic_bell_lt0,store,store,opt_rank_popularity_norsl,opt,rank_popularity,2535859.0,5.533126189528751,124.91241880084546,458304.92801682797,7057327.34476846,1.0059457978019646,45.336610293193104,45.61049737644056,-0.005887807593130123
k1_off_lpt,lpt,mixed_20260816_131535__mixed_realistic_bell_lt0,store,store,opt_rank_random_norsl,opt,rank_random,2535069.0,5.575967711621448,125.104217860637,454641.9798515694,7109857.465441669,1.00596033117572,46.46682362839054,45.337494166062896,-0.005319722841667929
k1_off_lpt,lpt,mixed_20260816_131535__mixed_realistic_bell_lt0,store,store,opt_tmax_norsl,opt,tmax,2536246.0,5.6558904071202605,126.88071252329397,448425.59127508785,7203518.190308122,1.0043435437008479,45.19247315736895,44.75836157651496,-0.003932956668062371
k1_off_lpt,lpt,mixed_20260816_131535__mixed_realistic_bell_lt0,store,store,opt_tmin_norsl,opt,tmin,2534972.0,5.566686061935659,125.05098699419757,455382.6049817752,7098795.359425157,1.0061083563629674,45.5268070679967,45.28864675419737,-0.012408195626723018
k1_off_lpt,lpt,mixed_20260816_131535__mixed_realistic_bell_lt0,store,store,uni_cluster_map_norsl,uni,cluster_map,2539778.0,6.602927426996027,123.48155443248181,384644.2397073961,8520329.099640828,1.0161412565193508,48.42515171872253,53.068184979214394,0.026761107625761227
k1_off_lpt,lpt,mixed_20260816_131535__mixed_realistic_bell_lt0,store,store,uni_cluster_map_rank_norsl,uni,cluster_map_rank,2539628.0,6.50083990483771,123.8392649340509,390661.52023065405,8339268.123312071,1.0102255672076828,49.230049071991125,51.87939964061985,-0.010981114098052025
k1_off_lpt,lpt,mixed_20260816_131535__mixed_realistic_bell_lt0,store,store,uni_cmax_norsl,uni,cmax,2534142.0,6.15544312312178,125.32365545948146,411691.2380330452,7881922.971035566,1.0105828233551317,57.50535129448405,60.05927579381427,-0.015591605137277309
k1_off_lpt,lpt,mixed_20260816_131535__mixed_realistic_bell_lt0,store,store,uni_cmin_norsl,uni,cmin,2538582.0,5.707610491001256,125.52077774573269,444771.4159896482,7293645.582941814,1.0067673617794948,41.542661509330586,41.39216194042097,0.025353046238429933
k1_off_lpt,lpt,mixed_20260816_131535__mixed_realistic_bell_lt0,store,store,uni_comp_norsl,uni,comp,2540387.0,6.490371425657305,125.72987336936957,391408.5702333631,8377473.880289585,1.0161870252442058,50.7235022044347,54.69121637342052,-0.006686133294731
k1_off_lpt,lpt,mixed_20260816_131535__mixed_realistic_bell_lt0,store,store,uni_expn_norsl,uni,expn,2539207.0,5.748250641870088,125.9501650289015,441735.6093529553,7348947.842567362,1.0069811886570277,41.8139917225545,41.18180265958098,-0.0021245264485214577
k1_off_lpt,lpt,mixed_20260816_131535__mixed_realistic_bell_lt0,store,store,uni_fifo_norsl,uni,fifo,2535476.0,5.611241761935702,125.8330459286527,451856.48873652174,7154669.996695576,1.0057756519838226,44.644367690886014,44.19120403740402,-0.018155235803374303
k1_off_lpt,lpt,mixed_20260816_131535__mixed_realistic_bell_lt0,store,store,uni_map_norsl,uni,map,2536222.0,5.467138752237877,123.27217199023536,463902.9874560697,6960199.502938882,1.003932057317185,45.17929816503171,45.212102666274426,0.008005734729854552
k1_off_lpt,lpt,mixed_20260816_131535__mixed_realistic_bell_lt0,store,store,uni_map_rank_norsl,uni,map_rank,2536067.0,5.470107139097912,123.31692346297011,463622.9118573039,6966608.608543869,1.0043725904245022,46.30665337056714,45.241510397424946,-0.003154856314457888
k1_off_lpt,lpt,mixed_20260816_131535__mixed_realistic_bell_lt0,store,store,uni_rank_cartlabor_norsl,uni,rank_cartlabor,2535569.0,5.437504945943509,122.79204835752759,466311.11607385054,6919052.769600801,1.0036944902177383,46.80567427136858,45.971782979690936,-0.008525334407849527
k1_off_lpt,lpt,mixed_20260816_131535__mixed_realistic_bell_lt0,store,store,uni_rank_labor_norsl,uni,rank_labor,2535614.0,5.445677657666721,122.79376863642376,465619.5535977464,6937746.022104418,1.0048779598826798,46.0748630142602,46.26587194090139,-0.013326911700173305
k1_off_lpt,lpt,mixed_20260816_131535__mixed_realistic_bell_lt0,store,store,uni_rank_maxlabor_norsl,uni,rank_maxlabor,2538981.0,5.810232645463016,129.49481484369997,436984.39544974006,7429677.988798903,1.0072725850040634,43.66734136449445,43.75924430707803,-0.004254660923330711
k1_off_lpt,lpt,mixed_20260816_131535__mixed_realistic_bell_lt0,store,store,uni_rank_minlabor_norsl,uni,rank_minlabor,2539303.0,5.801531236390664,123.0495472580807,437695.30776150565,7447952.325079427,1.0111363491471557,55.4875112370816,59.25973749870253,0.002678521110710541
k1_off_lpt,lpt,mixed_20260816_131535__mixed_realistic_bell_lt0,store,store,uni_rank_popularity_norsl,uni,rank_popularity,2536029.0,5.534249743462819,124.98066033543597,458242.6015370222,7050924.476955792,1.0047617403836964,46.60496471180222,46.442698673943326,0.009688389079220983
k1_off_lpt,lpt,mixed_20260816_131535__mixed_realistic_bell_lt0,store,store,uni_rank_random_norsl,uni,rank_random,2534955.0,5.571209308646266,125.15900152821776,455009.82992433326,7102434.646923688,1.0058136208787756,45.71904779148265,45.46451954384767,0.0018588500564575838
k1_off_lpt,lpt,mixed_20260816_131535__mixed_realistic_bell_lt0,store,store,uni_tmax_norsl,uni,tmax,2535911.0,5.641901914394328,126.7535676195116,449478.0374557852,7191769.8616809,1.0053244338392828,43.82000747420376,44.052843692106514,0.01451089249322468
k1_off_lpt,lpt,mixed_20260816_131535__mixed_realistic_bell_lt0,store,store,uni_tmin_norsl,uni,tmin,2534890.0,5.569543980606822,125.07146545323856,455134.2100585791,7101054.89927576,1.0059447074324905,44.74841502944953,44.71551629240056,-0.013289377178560269
k1_off_lpt,lpt,mixed_20260816_131535__mixed_realistic_bell_ltrand0-5,ful_calibrated,fulfillment,opt_cluster_map_norsl,opt,cluster_map,5032130.0,0.9146497809794027,17.660579394828943,5501701.4212933155,2309390.7829072718,1.0035077641033803,20.220123027810686,20.790737531295278,0.010655913323831534
k1_off_lpt,lpt,mixed_20260816_131535__mixed_realistic_bell_ltrand0-5,ful_calibrated,fulfillment,opt_cluster_map_rank_norsl,opt,cluster_map_rank,5027205.0,0.9162090413846384,17.653398781308944,5486962.879565716,2309625.897431171,1.0028834575616288,21.081043570856437,21.455478565397446,0.0002894846757861558
k1_off_lpt,lpt,mixed_20260816_131535__mixed_realistic_bell_ltrand0-5,ful_calibrated,fulfillment,opt_cmax_norsl,opt,cmax,4958988.0,0.897094648623449,17.661492208804475,5527831.436303116,2237008.2115704813,1.0056949065017236,18.456917413259895,17.137465617416893,0.0007060916028533981
k1_off_lpt,lpt,mixed_20260816_131535__mixed_realistic_bell_ltrand0-5,ful_calibrated,fulfillment,opt_cmin_norsl,opt,cmin,4955074.0,0.8990910365604994,17.644303010463002,5511203.869805875,2241149.422845598,1.006113545224192,5.262943042454065,5.071173679157215,-0.006567689809888755
k1_off_lpt,lpt,mixed_20260816_131535__mixed_realistic_bell_ltrand0-5,ful_calibrated,fulfillment,opt_comp_norsl,opt,comp,5036706.0,0.9181816758702062,17.64565237757231,5485522.23635531,2317327.634156724,1.0021718825711459,18.085494113195395,18.740282249219533,-0.020577775542407473
k1_off_lpt,lpt,mixed_20260816_131535__mixed_realistic_bell_ltrand0-5,ful_calibrated,fulfillment,opt_expn_norsl,opt,expn,5042501.0,0.9191312421123955,17.695053610452803,5486159.939913543,2325713.540972637,1.0036047212591828,10.905917024406506,9.17287612872084,0.003281503947705211
k1_off_lpt,lpt,mixed_20260816_131535__mixed_realistic_bell_ltrand0-5,ful_calibrated,fulfillment,opt_fifo_norsl,opt,fifo,4960108.0,0.9010302764996984,17.66820596573893,5504929.334082883,2248140.298384789,1.006057699081092,5.15015786575691,5.064044438629467,-0.012540142245387464
k1_off_lpt,lpt,mixed_20260816_131535__mixed_realistic_bell_ltrand0-5,ful_calibrated,fulfillment,opt_map_norsl,opt,map,4956195.0,0.898221224930434,17.64302053094715,5517788.78347464,2239913.8022804353,1.0063049363717937,5.379536738871597,5.335498877000244,0.0006085727499716143
k1_off_lpt,lpt,mixed_20260816_131535__mixed_realistic_bell_ltrand0-5,ful_calibrated,fulfillment,opt_map_rank_norsl,opt,map_rank,4954816.0,0.8979876360540636,17.63575289959101,5517688.441427154,2238738.639908647,1.0063186055377809,5.69209326116756,5.441154640860879,0.0013191943719181864
k1_off_lpt,lpt,mixed_20260816_131535__mixed_realistic_bell_ltrand0-5,ful_calibrated,fulfillment,opt_rank_cartlabor_norsl,opt,rank_cartlabor,4967230.0,0.9006107587586579,17.687187154927518,5515401.577976372,2249347.235664581,1.0056227702711877,4.9899826237065925,5.204749437528822,-0.008239693910327972
k1_off_lpt,lpt,mixed_20260816_131535__mixed_realistic_bell_ltrand0-5,ful_calibrated,fulfillment,opt_rank_labor_norsl,opt,rank_labor,4967070.0,0.9005434856005097,17.68912703773042,5515635.923664261,2249625.145963866,1.0058545483601873,5.426330656848899,5.394207454867317,0.0004674203921917197
k1_off_lpt,lpt,mixed_20260816_131535__mixed_realistic_bell_ltrand0-5,ful_calibrated,fulfillment,opt_rank_maxlabor_norsl,opt,rank_maxlabor,4967280.0,0.9007937563804848,17.689984797992956,5514336.6223576255,2250287.5010469127,1.0058286338472795,4.940500925615224,4.986592441764803,-0.0007116357473635482
k1_off_lpt,lpt,mixed_20260816_131535__mixed_realistic_bell_ltrand0-5,ful_calibrated,fulfillment,opt_rank_minlabor_norsl,opt,rank_minlabor,5018589.0,0.9183843769742914,17.688287220164124,5464584.465748688,2313269.1714018425,1.0038066032996815,13.778696951734831,12.994994537550264,-0.019214197477179784
k1_off_lpt,lpt,mixed_20260816_131535__mixed_realistic_bell_ltrand0-5,ful_calibrated,fulfillment,opt_rank_popularity_norsl,opt,rank_popularity,4967301.0,0.900671994123502,17.688734330096484,5515105.423960672,2249857.7052633846,1.0057682250664373,5.208299233198749,5.28476990422031,0.0007159671343792695
k1_off_lpt,lpt,mixed_20260816_131535__mixed_realistic_bell_ltrand0-5,ful_calibrated,fulfillment,opt_rank_random_norsl,opt,rank_random,4961676.0,0.9010253801933663,17.666602864642957,5506699.488237712,2248394.6116393795,1.0058589993274467,5.253690264817066,5.243521500424664,0.0015714297197932936
k1_off_lpt,lpt,mixed_20260816_131535__mixed_realistic_bell_ltrand0-5,ful_calibrated,fulfillment,opt_tmax_norsl,opt,tmax,4960790.0,0.9001426697047338,17.66777243545429,5511115.256459563,2246057.1890215618,1.0059783023869837,5.225717434379061,5.439915483510416,0.0023093468817458884
k1_off_lpt,lpt,mixed_20260816_131535__mixed_realistic_bell_ltrand0-5,ful_calibrated,fulfillment,opt_tmin_norsl,opt,tmin,4960761.0,0.8999540980789643,17.666383972065493,5512237.802560382,2245560.6997491773,1.0059725531714314,5.497726226424402,5.661963841897877,0.00570115472038335
k1_off_lpt,lpt,mixed_20260816_131535__mixed_realistic_bell_ltrand0-5,ful_calibrated,fulfillment,uni_cluster_map_norsl,uni,cluster_map,5026485.0,0.9149099732810283,17.661140583210177,5493966.780112954,2310925.782024427,1.0050166132529157,19.232142892383226,20.02459950177302,-0.0011480315902479
k1_off_lpt,lpt,mixed_20260816_131535__mixed_realistic_bell_ltrand0-5,ful_calibrated,fulfillment,uni_cluster_map_rank_norsl,uni,cluster_map_rank,5021751.0,0.9143341746586533,17.655069672982076,5492249.047646897,2308737.620147948,1.0056444198748546,18.235050929621085,19.749709437402153,0.015570884618432146
k1_off_lpt,lpt,mixed_20260816_131535__mixed_realistic_bell_ltrand0-5,ful_calibrated,fulfillment,uni_cmax_norsl,uni,cmax,4958914.0,0.8972033504729673,17.6622258460346,5527079.226115096,2236676.4081006194,1.0054389124998264,14.12182877849076,15.503985305156265,-0.0011049669200069445
k1_off_lpt,lpt,mixed_20260816_131535__mixed_realistic_bell_ltrand0-5,ful_calibrated,fulfillment,uni_cmin_norsl,uni,cmin,4958948.0,0.8999270972749295,17.665267119021543,5510388.580381897,2244759.6388533786,1.0060115285702163,4.6518738461648415,4.687984047840343,-0.0032072001349026102
k1_off_lpt,lpt,mixed_20260816_131535__mixed_realistic_bell_ltrand0-5,ful_calibrated,fulfillment,uni_comp_norsl,uni,comp,5029705.0,0.9137517844087671,17.647785741336637,5504454.366953072,2306419.8427613876,1.003685406482195,17.18575621637237,19.063644488574717,0.009592430485150238
k1_off_lpt,lpt,mixed_20260816_131535__mixed_realistic_bell_ltrand0-5,ful_calibrated,fulfillment,uni_expn_norsl,uni,expn,5035077.0,0.9155394447420362,17.69735416375139,5499574.080523304,2315904.538961613,1.0047718820235403,10.374625521610172,8.974444139540182,0.010537965453027986
k1_off_lpt,lpt,mixed_20260816_131535__mixed_realistic_bell_ltrand0-5,ful_calibrated,fulfillment,uni_fifo_norsl,uni,fifo,4960108.0,0.9010302764996984,17.66820596573893,5504929.334082883,2248140.298384789,1.006057699081092,5.15015786575691,5.064044438629467,-0.012540142245387464
k1_off_lpt,lpt,mixed_20260816_131535__mixed_realistic_bell_ltrand0-5,ful_calibrated,fulfillment,uni_map_norsl,uni,map,4956046.0,0.8984759027374856,17.643538863072756,5516058.900299795,2240061.6987141194,1.0061163663127775,5.6792896752114626,5.43920798015014,0.0038715609288475505
k1_off_lpt,lpt,mixed_20260816_131535__mixed_realistic_bell_ltrand0-5,ful_calibrated,fulfillment,uni_map_rank_norsl,uni,map_rank,4955021.0,0.8977652818377768,17.63715878786222,5519283.380904181,2238113.332690452,1.0062450666815625,6.0321181492971565,5.674025309969499,-0.0005355615412705461
k1_off_lpt,lpt,mixed_20260816_131535__mixed_realistic_bell_ltrand0-5,ful_calibrated,fulfillment,uni_rank_cartlabor_norsl,uni,rank_cartlabor,4967359.0,0.9004905736219277,17.688170545527907,5516280.95341457,2249289.549494441,1.005705075261203,5.289471677915207,5.242117637445798,-0.011773702246098416
k1_off_lpt,lpt,mixed_20260816_131535__mixed_realistic_bell_ltrand0-5,ful_calibrated,fulfillment,uni_rank_labor_norsl,uni,rank_labor,4967165.0,0.9005849414076089,17.689075375240623,5515487.514410745,2249509.9584157816,1.0057375106780826,5.390424434776775,5.421235730141971,-0.004636110218791956
k1_off_lpt,lpt,mixed_20260816_131535__mixed_realistic_bell_ltrand0-5,ful_calibrated,fulfillment,uni_rank_maxlabor_norsl,uni,rank_maxlabor,4967416.0,0.9011366116178567,17.68922802090378,5512389.5044967085,2250951.6999060707,1.0057151800272992,4.788961219613852,4.835882516498424,-0.008694448585611081
k1_off_lpt,lpt,mixed_20260816_131535__mixed_realistic_bell_ltrand0-5,ful_calibrated,fulfillment,uni_rank_minlabor_norsl,uni,rank_minlabor,5011434.0,0.9141222799269381,17.688453829680103,5482235.921873103,2304399.6962843146,1.0060544716186497,11.466053349596613,11.561624278650818,0.00885318646781652
k1_off_lpt,lpt,mixed_20260816_131535__mixed_realistic_bell_ltrand0-5,ful_calibrated,fulfillment,uni_rank_popularity_norsl,uni,rank_popularity,4967355.0,0.9008958426819778,17.68943430211742,5513795.007880295,2250368.7320729303,1.005735775880192,5.2337710957104715,5.143863116609371,7.602565834652353e-05
k1_off_lpt,lpt,mixed_20260816_131535__mixed_realistic_bell_ltrand0-5,ful_calibrated,fulfillment,uni_rank_random_norsl,uni,rank_random,4962014.0,0.9007865995405316,17.669009455742653,5508534.43260701,2248210.8340059547,1.0059748654645426,5.275348318859782,5.267544152149428,0.016311612110664342
k1_off_lpt,lpt,mixed_20260816_131535__mixed_realistic_bell_ltrand0-5,ful_calibrated,fulfillment,uni_tmax_norsl,uni,tmax,4961036.0,0.9002443142761307,17.67068920851952,5510766.267920364,2246652.354312014,1.006081365481396,4.976594386405209,5.0617383756649925,0.01655967099023492
k1_off_lpt,lpt,mixed_20260816_131535__mixed_realistic_bell_ltrand0-5,ful_calibrated,fulfillment,uni_tmin_norsl,uni,tmin,4960900.0,0.8997755425871902,17.665749774842336,5513486.158709719,2244929.6696836143,1.0058612520384431,5.492523992881574,5.817445165598856,-0.002202623831737416
k1_off_lpt,lpt,mixed_20260816_131535__mixed_realistic_bell_ltrand0-5,store,store,opt_cluster_map_norsl,opt,cluster_map,1957321.0,5.254558297707563,102.17199615965039,372499.6258684449,5242288.201370875,1.0194187527404004,53.33401137240229,56.81061212958183,-0.009513836558272537
k1_off_lpt,lpt,mixed_20260816_131535__mixed_realistic_bell_ltrand0-5,store,store,opt_cluster_map_rank_norsl,opt,cluster_map_rank,1957160.0,5.433375455423804,102.27943685561357,360210.704387507,5404914.9456247175,1.0165361135222382,51.05030279118059,55.34343126484491,0.00738116912430975
k1_off_lpt,lpt,mixed_20260816_131535__mixed_realistic_bell_ltrand0-5,store,store,opt_cmax_norsl,opt,cmax,1957906.0,5.1283462377240765,102.68182193707264,381781.1647734816,5012326.207173909,0.9983898272471129,57.512771466905235,59.51923955681482,-0.011946490776038043
k1_off_lpt,lpt,mixed_20260816_131535__mixed_realistic_bell_ltrand0-5,store,store,opt_cmin_norsl,opt,cmin,1963769.0,4.736541745181922,103.08222274136014,414599.7450561,4756704.179380276,1.022785046312693,40.03169281987589,40.10552806273493,-0.006259482703074859
k1_off_lpt,lpt,mixed_20260816_131535__mixed_realistic_bell_ltrand0-5,store,store,opt_comp_norsl,opt,comp,1959758.0,5.39694856461203,103.91598613693579,363123.3421141342,5324987.062593417,1.006926632048488,52.876115090215784,56.66587945875301,-0.018101328059749733
k1_off_lpt,lpt,mixed_20260816_131535__mixed_realistic_bell_ltrand0-5,store,store,opt_expn_norsl,opt,expn,1959758.0,4.802573404585281,104.11063862750842,408064.1428882506,4823856.8734751465,1.0250568489374767,40.9821036463424,41.707127202689406,-0.027210158529822337
k1_off_lpt,lpt,mixed_20260816_131535__mixed_realistic_bell_ltrand0-5,store,store,opt_fifo_norsl,opt,fifo,1959472.0,4.734518982628882,102.91460754790576,413869.28792330803,4754730.232159758,1.025040330230066,41.477213780856815,41.07634557966073,-0.021893329426636576
k1_off_lpt,lpt,mixed_20260816_131535__mixed_realistic_bell_ltrand0-5,store,store,opt_map_norsl,opt,map,1986589.0,4.6227154876666665,101.75142212403524,429745.02871746896,4691259.254886362,1.0216784629985771,42.443987687568,41.70974519612272,0.004526920816561031
k1_off_lpt,lpt,mixed_20260816_131535__mixed_realistic_bell_ltrand0-5,store,store,opt_map_rank_norsl,opt,map_rank,1985507.0,4.631785471203682,101.74868343258802,428669.8968128197,4699202.209201836,1.0219608770855573,42.44397713176981,42.64307954479689,0.0025759026726301926
k1_off_lpt,lpt,mixed_20260816_131535__mixed_realistic_bell_ltrand0-5,store,store,opt_rank_cartlabor_norsl,opt,rank_cartlabor,2018105.0,4.597944177765784,102.08239163723746,438914.63705864956,4731275.4925291315,1.0197665910980835,43.78781976587801,44.278500586463586,-0.00229950234279519
k1_off_lpt,lpt,mixed_20260816_131535__mixed_realistic_bell_ltrand0-5,store,store,opt_rank_labor_norsl,opt,rank_labor,2017917.0,4.596188500929565,102.0714596194345,439041.3925781944,4729206.7332363585,1.019805063480631,43.60462276266777,44.888753391232264,-0.009229461009152562
k1_off_lpt,lpt,mixed_20260816_131535__mixed_realistic_bell_ltrand0-5,store,store,opt_rank_maxlabor_norsl,opt,rank_maxlabor,2023042.0,4.930101790683973,107.92025289637445,410344.87438429444,5071350.56315119,1.0169341764316515,42.62753429501875,42.53215164892188,0.014159562493176736
k1_off_lpt,lpt,mixed_20260816_131535__mixed_realistic_bell_ltrand0-5,store,store,opt_rank_minlabor_norsl,opt,rank_minlabor,2023313.0,4.99962769554938,102.54355740798287,404692.73378118407,4999999.877724359,0.9885513926693612,53.61788839068716,55.294285178656956,0.033460728211021085
k1_off_lpt,lpt,mixed_20260816_131535__mixed_realistic_bell_ltrand0-5,store,store,opt_rank_popularity_norsl,opt,rank_popularity,2026331.0,4.720326908472033,104.26698126465637,429277.6833661977,4870667.597368781,1.018441345420521,42.16850982107697,42.63017123861725,0.0519311846238768
k1_off_lpt,lpt,mixed_20260816_131535__mixed_realistic_bell_ltrand0-5,store,store,opt_rank_random_norsl,opt,rank_random,1949008.0,4.749631734011236,103.31944480393518,410349.28793394944,4767034.061364211,1.0299228447777136,41.6332568067109,43.12276615682023,-0.00619115702412687
k1_off_lpt,lpt,mixed_20260816_131535__mixed_realistic_bell_ltrand0-5,store,store,opt_tmax_norsl,opt,tmax,1951390.0,4.752332472817802,104.32884254842297,410617.31500510144,4753976.337515815,1.02526497206812,43.712095618785234,44.493769255942375,0.06791898681952624
k1_off_lpt,lpt,mixed_20260816_131535__mixed_realistic_bell_ltrand0-5,store,store,opt_tmin_norsl,opt,tmin,1948812.0,4.69946381998326,103.30719028432341,414688.15904341656,4710280.888470891,1.0286284839389643,43.5164777374149,43.68916433170011,0.02223964489840302
k1_off_lpt,lpt,mixed_20260816_131535__mixed_realistic_bell_ltrand0-5,store,store,uni_cluster_map_norsl,uni,cluster_map,1957701.0,5.188951079997517,102.41383243566678,377282.6087234834,5191930.457286919,1.0221930490695879,53.487814876655,54.64995992104444,0.021572228576327568
k1_off_lpt,lpt,mixed_20260816_131535__mixed_realistic_bell_ltrand0-5,store,store,uni_cluster_map_rank_norsl,uni,cluster_map_rank,1956155.0,5.120525194389017,102.43160321590234,382022.33672114747,5128092.365549387,1.0239248030219936,56.857811859493246,59.61383856156348,-0.025507738579966244
k1_off_lpt,lpt,mixed_20260816_131535__mixed_realistic_bell_ltrand0-5,store,store,uni_cmax_norsl,uni,cmax,1957775.0,4.886299114176959,102.66471582183664,400666.2208459101,4873234.213920558,1.0188364011847284,51.47428124539921,54.56845837415625,0.01038740285435047
k1_off_lpt,lpt,mixed_20260816_131535__mixed_realistic_bell_ltrand0-5,store,store,uni_cmin_norsl,uni,cmin,1964420.0,4.723519488405503,103.09883726527545,415880.57481755415,4745258.582518304,1.0227978828833661,41.3100443934898,42.01384374562074,-0.03693617016539141
k1_off_lpt,lpt,mixed_20260816_131535__mixed_realistic_bell_ltrand0-5,store,store,uni_comp_norsl,uni,comp,1957492.0,5.232906943413436,103.87396208521143,374073.53525822953,5250535.858243879,1.0251575556190535,57.384362521435996,60.971621370844886,-0.03628750027361294
k1_off_lpt,lpt,mixed_20260816_131535__mixed_realistic_bell_ltrand0-5,store,store,uni_expn_norsl,uni,expn,1959048.0,4.7711146538371,104.08062471446931,410605.9363768305,4790582.745576311,1.0250697353426794,43.657077448282045,44.06855790534616,-0.013666149953306395
k1_off_lpt,lpt,mixed_20260816_131535__mixed_realistic_bell_ltrand0-5,store,store,uni_fifo_norsl,uni,fifo,1959472.0,4.734518982628882,102.91460754790576,413869.28792330803,4754730.232159758,1.025040330230066,41.477213780856815,41.07634557966073,-0.021893329426636576
k1_off_lpt,lpt,mixed_20260816_131535__mixed_realistic_bell_ltrand0-5,store,store,uni_map_norsl,uni,map,1986087.0,4.635299614403389,102.05830965296032,428470.03758475056,4696109.43511127,1.0202159869056056,43.75594921527197,42.746564414547805,-0.025969419138238692
k1_off_lpt,lpt,mixed_20260816_131535__mixed_realistic_bell_ltrand0-5,store,store,uni_map_rank_norsl,uni,map_rank,1985534.0,4.629985644602136,102.03695288238615,428842.3663504946,4689755.847804666,1.0202891223932617,43.76720643028354,41.94762642935888,-0.02293121511636187
k1_off_lpt,lpt,mixed_20260816_131535__mixed_realistic_bell_ltrand0-5,store,store,uni_rank_cartlabor_norsl,uni,rank_cartlabor,2018423.0,4.6125282125973115,102.4356174708823,437595.8058072077,4736593.544149343,1.0175245410273646,43.58273902620512,44.792237228306185,-0.0015779286519523872
k1_off_lpt,lpt,mixed_20260816_131535__mixed_realistic_bell_ltrand0-5,store,store,uni_rank_labor_norsl,uni,rank_labor,2018301.0,4.61743630180778,102.42786514620266,437104.2431510775,4744042.234696095,1.0181029457861834,43.83446538184361,44.5311076691211,-0.015454817059334935
k1_off_lpt,lpt,mixed_20260816_131535__mixed_realistic_bell_ltrand0-5,store,store,uni_rank_maxlabor_norsl,uni,rank_maxlabor,2022549.0,4.900720121599254,107.5082448361099,412704.4495126118,5046803.4201292135,1.0183274049702968,41.9720802847014,42.653294980489996,-0.0030717270597446777
k1_off_lpt,lpt,mixed_20260816_131535__mixed_realistic_bell_ltrand0-5,store,store,uni_rank_minlabor_norsl,uni,rank_minlabor,2022542.0,4.785025875349358,102.77481215415867,422681.51786166313,4921818.240086431,1.0171235914373065,51.90464856860143,56.27769513272896,-0.007366763845706448
k1_off_lpt,lpt,mixed_20260816_131535__mixed_realistic_bell_ltrand0-5,store,store,uni_rank_popularity_norsl,uni,rank_popularity,2027250.0,4.713739212073623,104.30480168096112,430072.58331293886,4857864.44612225,1.0167227167907915,42.977697676304885,43.88103480833503,-0.01849457469973448
k1_off_lpt,lpt,mixed_20260816_131535__mixed_realistic_bell_ltrand0-5,store,store,uni_rank_random_norsl,uni,rank_random,1949615.0,4.743168249521654,103.35645015705039,411036.4417700379,4756604.528308159,1.0287495372491386,41.798577167941744,42.5681445619045,-0.019970912844902156
k1_off_lpt,lpt,mixed_20260816_131535__mixed_realistic_bell_ltrand0-5,store,store,uni_tmax_norsl,uni,tmax,1951017.0,4.741506998836853,104.21438359416555,411476.1404925918,4751045.216220348,1.0271685409018745,42.135202873182756,43.101091560270866,0.0401758082041459
k1_off_lpt,lpt,mixed_20260816_131535__mixed_realistic_bell_ltrand0-5,store,store,uni_tmin_norsl,uni,tmin,1948834.0,4.6854845779877135,103.3575196605564,415930.0852585391,4689430.186700568,1.0271188740773227,43.35359772287916,44.28030741376385,0.023836728575643562
