cell,scheduler,pair,pickcfg,channel,arm,initial,assignment,labor_hours,batch_hours,thr_items_hr,thr_task_items_hr,labor_saved,items,n_batches
k1_off_lpt,lpt,mixed_20260816_131535__mixed_realistic_bell_lt0,ful_calibrated,fulfillment,opt_cluster_map_norsl,opt,cluster_map,20.30434495806672,1.0764895537748465,5581558.448510329,296035.88345359586,-0.04565115515750051,6030027,75
k1_off_lpt,lpt,mixed_20260816_131535__mixed_realistic_bell_ltrand0-5,ful_calibrated,fulfillment,opt_cluster_map_norsl,opt,cluster_map,17.660579394828943,0.9146497809794027,5469348.01856218,282886.9970379213,0.007626570909991415,5032130,75
k1_off_lpt,lpt,mixed_20260816_131535__mixed_realistic_bell_lt0,ful_calibrated,fulfillment,uni_cluster_map_norsl,uni,cluster_map,20.299184766658946,1.0728324461638816,5568687.005487617,295915.76418449124,-0.040490963749725495,6020442,75
k1_off_lpt,lpt,mixed_20260816_131535__mixed_realistic_bell_ltrand0-5,ful_calibrated,fulfillment,uni_cluster_map_norsl,uni,cluster_map,17.661140583210173,0.9149099732810283,5454324.261557273,282859.806997522,0.0070653825287614325,5026485,75
k1_off_rr,round_robin,mixed_20260816_131535__mixed_realistic_bell_lt0,ful_calibrated,fulfillment,opt_cluster_map_norsl,opt,cluster_map,20.30372719139948,1.2461051398022247,4764967.687638042,296018.4017465413,-0.04524908549923978,6029996,75
k1_off_rr,round_robin,mixed_20260816_131535__mixed_realistic_bell_ltrand0-5,ful_calibrated,fulfillment,opt_cluster_map_norsl,opt,cluster_map,17.658697699307982,1.104700464506634,4489548.496841576,282882.5387164416,0.011724162467775301,5031621,75
k1_off_rr,round_robin,mixed_20260816_131535__mixed_realistic_bell_lt0,ful_calibrated,fulfillment,uni_cluster_map_norsl,uni,cluster_map,20.299351762952064,1.2434544910028016,4761715.476974754,295919.6424328808,-0.04087365705182222,6020389,75
k1_off_rr,round_robin,mixed_20260816_131535__mixed_realistic_bell_ltrand0-5,ful_calibrated,fulfillment,uni_cluster_map_norsl,uni,cluster_map,17.66134334101099,1.098114191171852,4505339.373910163,282804.53551930987,0.009078520764767006,5026472,75
k1_off_lpt,lpt,mixed_20260816_131535__mixed_realistic_bell_lt0,ful_calibrated,fulfillment,opt_cluster_map_rank_norsl,opt,cluster_map_rank,20.30138351784993,1.0715718716339262,5591852.355999846,295870.58286372264,-0.04268971494071039,6026442,75
k1_off_lpt,lpt,mixed_20260816_131535__mixed_realistic_bell_ltrand0-5,ful_calibrated,fulfillment,opt_cluster_map_rank_norsl,opt,cluster_map_rank,17.65339878130894,0.9162090413846384,5459222.807521855,282708.66220826225,0.01480718442999418,5027205,75
k1_off_lpt,lpt,mixed_20260816_131535__mixed_realistic_bell_lt0,ful_calibrated,fulfillment,uni_cluster_map_rank_norsl,uni,cluster_map_rank,20.29574540295863,1.070272143970087,5598644.573064278,295822.4361133466,-0.03705160004940922,6017479,75
k1_off_lpt,lpt,mixed_20260816_131535__mixed_realistic_bell_ltrand0-5,ful_calibrated,fulfillment,uni_cluster_map_rank_norsl,uni,cluster_map_rank,17.655069672982076,0.9143341746586533,5448479.628887715,282567.1363267302,0.013136292756858126,5021751,75
k1_off_rr,round_robin,mixed_20260816_131535__mixed_realistic_bell_lt0,ful_calibrated,fulfillment,opt_cluster_map_rank_norsl,opt,cluster_map_rank,20.304153895794144,1.2478497936673196,4792913.906071401,295857.87774724344,-0.04567578989390242,6026720,75
k1_off_rr,round_robin,mixed_20260816_131535__mixed_realistic_bell_ltrand0-5,ful_calibrated,fulfillment,opt_cluster_map_rank_norsl,opt,cluster_map_rank,17.653347677572654,1.1127285241362084,4490575.428876582,282680.5323346372,0.01707418420310347,5026945,75
k1_off_rr,round_robin,mixed_20260816_131535__mixed_realistic_bell_lt0,ful_calibrated,fulfillment,uni_cluster_map_rank_norsl,uni,cluster_map_rank,20.295873246710737,1.2395039323136603,4766505.64453835,295801.2620336416,-0.037395140810495775,6017219,75
k1_off_rr,round_robin,mixed_20260816_131535__mixed_realistic_bell_ltrand0-5,ful_calibrated,fulfillment,uni_cluster_map_rank_norsl,uni,cluster_map_rank,17.652321050438836,1.0949491471546107,4527617.996088217,282642.0214583801,0.01810081133692165,5021919,75
k1_off_lpt,lpt,mixed_20260816_131535__mixed_realistic_bell_lt0,ful_calibrated,fulfillment,opt_cmax_norsl,opt,cmax,20.25028094701191,1.0282605471928121,5744012.339952814,291655.0682131688,0.008412855897312,5929900,75
k1_off_lpt,lpt,mixed_20260816_131535__mixed_realistic_bell_ltrand0-5,ful_calibrated,fulfillment,opt_cmax_norsl,opt,cmax,17.66149220880448,0.897094648623449,5481323.730778313,278412.60486827843,0.006713756934455972,4958988,75
k1_off_lpt,lpt,mixed_20260816_131535__mixed_realistic_bell_lt0,ful_calibrated,fulfillment,uni_cmax_norsl,uni,cmax,20.25149803007055,1.0289165813594185,5740406.163166195,291628.0492618119,0.007195772838670678,5930086,75
k1_off_lpt,lpt,mixed_20260816_131535__mixed_realistic_bell_ltrand0-5,ful_calibrated,fulfillment,uni_cmax_norsl,uni,cmax,17.6622258460346,0.8972033504729673,5482733.298054592,278379.95340750634,0.005980119704332765,4958914,75
k1_off_rr,round_robin,mixed_20260816_131535__mixed_realistic_bell_lt0,ful_calibrated,fulfillment,opt_cmax_norsl,opt,cmax,20.251350825273953,1.2071527493452598,4895896.904689157,291637.6003785002,0.007127280626288979,5929907,75
k1_off_rr,round_robin,mixed_20260816_131535__mixed_realistic_bell_ltrand0-5,ful_calibrated,fulfillment,opt_cmax_norsl,opt,cmax,17.661367503371583,1.0508080831872275,4708908.377478823,278378.8072506286,0.009054358404174678,4958866,75
k1_off_rr,round_robin,mixed_20260816_131535__mixed_realistic_bell_lt0,ful_calibrated,fulfillment,uni_cmax_norsl,uni,cmax,20.25215888782157,1.2047025692879134,4826216.757786968,291631.2006097655,0.006319218078672861,5930062,75
k1_off_rr,round_robin,mixed_20260816_131535__mixed_realistic_bell_ltrand0-5,ful_calibrated,fulfillment,uni_cmax_norsl,uni,cmax,17.66242100994403,1.0363039542609294,4685211.346809443,278384.71711768775,0.008000851831727829,4958906,75
k1_off_lpt,lpt,mixed_20260816_131535__mixed_realistic_bell_lt0,ful_calibrated,fulfillment,opt_cmin_norsl,opt,cmin,20.25062396034041,1.0293572691055073,5737700.530706932,291648.2992693741,0.008069842568811936,5929944,75
k1_off_lpt,lpt,mixed_20260816_131535__mixed_realistic_bell_ltrand0-5,ful_calibrated,fulfillment,opt_cmin_norsl,opt,cmin,17.644303010463013,0.8990910365604994,5461050.0700674495,278437.1470181081,0.02390295527592201,4955074,75
k1_off_lpt,lpt,mixed_20260816_131535__mixed_realistic_bell_lt0,ful_calibrated,fulfillment,uni_cmin_norsl,uni,cmin,20.254220473834764,1.0297788657778495,5735901.056545396,291614.7062800442,0.004473329074457411,5930160,75
k1_off_lpt,lpt,mixed_20260816_131535__mixed_realistic_bell_ltrand0-5,ful_calibrated,fulfillment,uni_cmin_norsl,uni,cmin,17.665267119021546,0.8999270972749295,5461520.754523303,278354.46142728435,0.0029388467173880883,4958948,75
k1_off_rr,round_robin,mixed_20260816_131535__mixed_realistic_bell_lt0,ful_calibrated,fulfillment,opt_cmin_norsl,opt,cmin,20.249262056397182,1.083418339545663,5448829.329848341,291662.19288991543,0.009216049503059764,5929936,75
k1_off_rr,round_robin,mixed_20260816_131535__mixed_realistic_bell_ltrand0-5,ful_calibrated,fulfillment,opt_cmin_norsl,opt,cmin,17.64546190966675,0.9446773066026073,5208337.795013381,278408.17711559375,0.024959952109007588,4955031,75
k1_off_rr,round_robin,mixed_20260816_131535__mixed_realistic_bell_lt0,ful_calibrated,fulfillment,uni_cmin_norsl,uni,cmin,20.25511735995669,1.0821188890651083,5451568.788716117,291606.3740562857,0.0033607459435529563,5930190,75
k1_off_rr,round_robin,mixed_20260816_131535__mixed_realistic_bell_ltrand0-5,ful_calibrated,fulfillment,uni_cmin_norsl,uni,cmin,17.665833697663725,0.9421140161738255,5215622.741515997,278346.48907847557,0.0045881641120324446,4958940,75
k1_off_lpt,lpt,mixed_20260816_131535__mixed_realistic_bell_lt0,ful_calibrated,fulfillment,opt_comp_norsl,opt,comp,20.273153880888326,1.0763363357410773,5589296.2166556,296670.0080988659,-0.014460077979105534,6033932,75
k1_off_lpt,lpt,mixed_20260816_131535__mixed_realistic_bell_ltrand0-5,ful_calibrated,fulfillment,opt_comp_norsl,opt,comp,17.64565237757231,0.9181816758702062,5455432.130557788,283343.00858468475,0.02255358816662323,5036706,75
k1_off_lpt,lpt,mixed_20260816_131535__mixed_realistic_bell_lt0,ful_calibrated,fulfillment,uni_comp_norsl,uni,comp,20.268172060662362,1.0757944766804468,5562931.3475326365,296594.97428922553,-0.00947825775314115,6022465,75
k1_off_lpt,lpt,mixed_20260816_131535__mixed_realistic_bell_ltrand0-5,ful_calibrated,fulfillment,uni_comp_norsl,uni,comp,17.647785741336634,0.9137517844087671,5472732.160815253,283217.0501756164,0.020420224402300846,5029705,75
k1_off_rr,round_robin,mixed_20260816_131535__mixed_realistic_bell_lt0,ful_calibrated,fulfillment,opt_comp_norsl,opt,comp,20.274612999993657,1.2383296401986705,4846960.120062861,296655.75153891207,-0.016134894093415397,6034047,75
k1_off_rr,round_robin,mixed_20260816_131535__mixed_realistic_bell_ltrand0-5,ful_calibrated,fulfillment,opt_comp_norsl,opt,comp,17.649284207661406,1.0903212140009664,4568894.792212569,283290.73398364586,0.021137654114351534,5037028,75
k1_off_rr,round_robin,mixed_20260816_131535__mixed_realistic_bell_lt0,ful_calibrated,fulfillment,uni_comp_norsl,uni,comp,20.26788793587699,1.2359800027032362,4770483.546269075,296588.4231610675,-0.009409829976746664,6022496,75
k1_off_rr,round_robin,mixed_20260816_131535__mixed_realistic_bell_ltrand0-5,ful_calibrated,fulfillment,uni_comp_norsl,uni,comp,17.646093052127267,1.0879903021475772,4549684.407015683,283242.04667357734,0.024328809648491045,5029909,75
k1_off_lpt,lpt,mixed_20260816_131535__mixed_realistic_bell_lt0,ful_calibrated,fulfillment,opt_expn_norsl,opt,expn,20.323971649188803,1.0618262699373495,5674238.44195856,296074.74638180964,-0.06527784627958155,6039342,75
k1_off_lpt,lpt,mixed_20260816_131535__mixed_realistic_bell_ltrand0-5,ful_calibrated,fulfillment,opt_expn_norsl,opt,expn,17.695053610452806,0.9191312421123955,5455011.335780078,282763.6967709656,-0.026847644713871688,5042501,75
k1_off_lpt,lpt,mixed_20260816_131535__mixed_realistic_bell_lt0,ful_calibrated,fulfillment,uni_expn_norsl,uni,expn,20.319116604005128,1.0563684728100518,5685417.481600547,295971.7371004598,-0.06042280109590692,6026587,75
k1_off_lpt,lpt,mixed_20260816_131535__mixed_realistic_bell_ltrand0-5,ful_calibrated,fulfillment,uni_expn_norsl,uni,expn,17.69735416375138,0.9155394447420362,5455166.333706777,282695.98284438584,-0.029148198012446613,5035077,75
k1_off_rr,round_robin,mixed_20260816_131535__mixed_realistic_bell_lt0,ful_calibrated,fulfillment,opt_expn_norsl,opt,expn,20.32221226884462,1.1519166388858888,5198192.28400665,296090.9581766501,-0.06373416294437817,6039176,75
k1_off_rr,round_robin,mixed_20260816_131535__mixed_realistic_bell_ltrand0-5,ful_calibrated,fulfillment,opt_expn_norsl,opt,expn,17.694472965623905,1.0035076813851502,5074683.941486392,282825.3556538885,-0.024051103848147903,5042831,75
k1_off_rr,round_robin,mixed_20260816_131535__mixed_realistic_bell_lt0,ful_calibrated,fulfillment,uni_expn_norsl,uni,expn,20.317765225142626,1.153542351361985,5224590.376535373,295952.49539106217,-0.05928711924238428,6026075,75
k1_off_rr,round_robin,mixed_20260816_131535__mixed_realistic_bell_ltrand0-5,ful_calibrated,fulfillment,uni_expn_norsl,uni,expn,17.695489419189656,0.9976081158481546,5055431.171067362,282709.8365194939,-0.0250675574138981,5034593,75
k1_off_lpt,lpt,mixed_20260816_131535__mixed_realistic_bell_lt0,ful_calibrated,fulfillment,opt_fifo_norsl,opt,fifo,20.25869380290922,1.0303963562747755,5732824.48110532,291609.33257543936,0.0,5931161,75
k1_off_lpt,lpt,mixed_20260816_131535__mixed_realistic_bell_ltrand0-5,ful_calibrated,fulfillment,opt_fifo_norsl,opt,fifo,17.668205965738935,0.9010302764996984,5455177.7052687295,278391.3419286223,0.0,4960108,75
k1_off_lpt,lpt,mixed_20260816_131535__mixed_realistic_bell_lt0,ful_calibrated,fulfillment,uni_fifo_norsl,uni,fifo,20.25869380290922,1.0303963562747755,5732824.48110532,291609.33257543936,0.0,5931161,75
k1_off_lpt,lpt,mixed_20260816_131535__mixed_realistic_bell_ltrand0-5,ful_calibrated,fulfillment,uni_fifo_norsl,uni,fifo,17.668205965738935,0.9010302764996984,5455177.7052687295,278391.3419286223,0.0,4960108,75
k1_off_rr,round_robin,mixed_20260816_131535__mixed_realistic_bell_lt0,ful_calibrated,fulfillment,opt_fifo_norsl,opt,fifo,20.25847810590024,1.0868081224613682,5423462.257229923,291604.2404422057,0.0,5931256,75
k1_off_rr,round_robin,mixed_20260816_131535__mixed_realistic_bell_ltrand0-5,ful_calibrated,fulfillment,opt_fifo_norsl,opt,fifo,17.670421861775758,0.946629267662217,5190444.419106738,278343.71738604683,0.0,4959953,75
k1_off_rr,round_robin,mixed_20260816_131535__mixed_realistic_bell_lt0,ful_calibrated,fulfillment,uni_fifo_norsl,uni,fifo,20.25847810590024,1.0868081224613682,5423462.257229923,291604.2404422057,0.0,5931256,75
k1_off_rr,round_robin,mixed_20260816_131535__mixed_realistic_bell_ltrand0-5,ful_calibrated,fulfillment,uni_fifo_norsl,uni,fifo,17.670421861775758,0.946629267662217,5190444.419106738,278343.71738604683,0.0,4959953,75
k1_off_lpt,lpt,mixed_20260816_131535__mixed_realistic_bell_lt0,ful_calibrated,fulfillment,opt_map_norsl,opt,map,20.250078362792628,1.028701343474932,5742763.704518824,291670.32947500836,0.008615440116592765,5929970,75
k1_off_lpt,lpt,mixed_20260816_131535__mixed_realistic_bell_ltrand0-5,ful_calibrated,fulfillment,opt_map_norsl,opt,map,17.643020530947144,0.898221224930434,5466830.47232787,278538.9919279272,0.025185434791790584,4956195,75
k1_off_lpt,lpt,mixed_20260816_131535__mixed_realistic_bell_lt0,ful_calibrated,fulfillment,uni_map_norsl,uni,map,20.25157572945206,1.0286138025051537,5742365.29634743,291647.54980933055,0.007118073457160534,5930221,75
k1_off_lpt,lpt,mixed_20260816_131535__mixed_realistic_bell_ltrand0-5,ful_calibrated,fulfillment,uni_map_norsl,uni,map,17.643538863072752,0.8984759027374856,5465743.871173753,278510.5198325808,0.024667102666182217,4956046,75
k1_off_rr,round_robin,mixed_20260816_131535__mixed_realistic_bell_lt0,ful_calibrated,fulfillment,opt_map_norsl,opt,map,20.248187405866222,1.0907768987319642,5393685.136325522,291691.71189384395,0.010290700034019551,5929998,75
k1_off_rr,round_robin,mixed_20260816_131535__mixed_realistic_bell_ltrand0-5,ful_calibrated,fulfillment,opt_map_norsl,opt,map,17.64291316098535,0.9461752071538329,5190644.045884007,278535.2996645036,0.027508700790406238,4956349,75
k1_off_rr,round_robin,mixed_20260816_131535__mixed_realistic_bell_lt0,ful_calibrated,fulfillment,uni_map_norsl,uni,map,20.24936132924059,1.0878327435728434,5417382.085132751,291679.3658395234,0.009116776659652714,5930176,75
k1_off_rr,round_robin,mixed_20260816_131535__mixed_realistic_bell_ltrand0-5,ful_calibrated,fulfillment,uni_map_norsl,uni,map,17.64285580916052,0.9473514190753503,5193327.778845355,278533.7717942064,0.02756605261523859,4956075,75
k1_off_lpt,lpt,mixed_20260816_131535__mixed_realistic_bell_lt0,ful_calibrated,fulfillment,opt_map_rank_norsl,opt,map_rank,20.249769434599397,1.0278258158166294,5748491.471759875,291658.50896357355,0.008924368309823905,5929991,75
k1_off_lpt,lpt,mixed_20260816_131535__mixed_realistic_bell_ltrand0-5,ful_calibrated,fulfillment,opt_map_rank_norsl,opt,map_rank,17.63575289959101,0.8979876360540636,5465654.843413499,278573.2107886518,0.03245306614792298,4954816,75
k1_off_lpt,lpt,mixed_20260816_131535__mixed_realistic_bell_lt0,ful_calibrated,fulfillment,uni_map_rank_norsl,uni,map_rank,20.25061989342473,1.0272994795645078,5750259.358053977,291638.7418945479,0.008073909484490827,5930164,75
k1_off_lpt,lpt,mixed_20260816_131535__mixed_realistic_bell_ltrand0-5,ful_calibrated,fulfillment,uni_map_rank_norsl,uni,map_rank,17.637158787862223,0.8977652818377768,5467636.017919631,278555.890368746,0.03104717787671163,4955021,75
k1_off_rr,round_robin,mixed_20260816_131535__mixed_realistic_bell_lt0,ful_calibrated,fulfillment,opt_map_rank_norsl,opt,map_rank,20.246662835487935,1.0912462462380712,5407338.118740873,291710.54675944103,0.011815270412306234,5929989,75
k1_off_rr,round_robin,mixed_20260816_131535__mixed_realistic_bell_ltrand0-5,ful_calibrated,fulfillment,opt_map_rank_norsl,opt,map_rank,17.63552025280039,0.9468529272095654,5199679.731131341,278572.7971233592,0.03490160897536754,4954839,75
k1_off_rr,round_robin,mixed_20260816_131535__mixed_realistic_bell_lt0,ful_calibrated,fulfillment,uni_map_rank_norsl,uni,map_rank,20.248913546698137,1.0906334419122121,5410684.990344663,291679.33568951697,0.009564559202104306,5930181,75
k1_off_rr,round_robin,mixed_20260816_131535__mixed_realistic_bell_ltrand0-5,ful_calibrated,fulfillment,uni_map_rank_norsl,uni,map_rank,17.637253246207546,0.9486631636155668,5189372.605864998,278548.7868189856,0.03316861556821138,4954804,75
k1_off_lpt,lpt,mixed_20260816_131535__mixed_realistic_bell_lt0,ful_calibrated,fulfillment,opt_rank_cartlabor_norsl,opt,rank_cartlabor,20.25343298183801,1.0300148934107596,5735086.833348695,291608.64869521494,0.005260821071210842,5929944,75
k1_off_lpt,lpt,mixed_20260816_131535__mixed_realistic_bell_ltrand0-5,ful_calibrated,fulfillment,opt_rank_cartlabor_norsl,opt,rank_cartlabor,17.687187154927518,0.9006107587586579,5469059.244041115,278520.97759688034,-0.01898118918858316,4967230,75
k1_off_lpt,lpt,mixed_20260816_131535__mixed_realistic_bell_lt0,ful_calibrated,fulfillment,uni_rank_cartlabor_norsl,uni,rank_cartlabor,20.255004370416493,1.0297344269116093,5736925.227900616,291613.44669560896,0.0036894324927274624,5930186,75
k1_off_lpt,lpt,mixed_20260816_131535__mixed_realistic_bell_ltrand0-5,ful_calibrated,fulfillment,uni_rank_cartlabor_norsl,uni,rank_cartlabor,17.688170545527907,0.9004905736219277,5468317.449570345,278509.7139794022,-0.01996457978897226,4967359,75
k1_off_rr,round_robin,mixed_20260816_131535__mixed_realistic_bell_lt0,ful_calibrated,fulfillment,opt_rank_cartlabor_norsl,opt,rank_cartlabor,20.25429964850468,1.0853812616407386,5433509.694088652,291607.4601840774,0.004178457395560997,5929944,75
k1_off_rr,round_robin,mixed_20260816_131535__mixed_realistic_bell_ltrand0-5,ful_calibrated,fulfillment,opt_rank_cartlabor_norsl,opt,rank_cartlabor,17.688644645103164,0.9474736565793166,5183203.440722536,278472.436036393,-0.018222783327406233,4967169,75
k1_off_rr,round_robin,mixed_20260816_131535__mixed_realistic_bell_lt0,ful_calibrated,fulfillment,uni_rank_cartlabor_norsl,uni,rank_cartlabor,20.253671037083166,1.0842992566390597,5431375.287313607,291615.09280103986,0.004807068817076043,5930186,75
k1_off_rr,round_robin,mixed_20260816_131535__mixed_realistic_bell_ltrand0-5,ful_calibrated,fulfillment,uni_rank_cartlabor_norsl,uni,rank_cartlabor,17.690253343283125,0.9476886713460687,5198023.503499407,278478.2743721211,-0.019831481507367243,4967324,75
k1_off_lpt,lpt,mixed_20260816_131535__mixed_realistic_bell_lt0,ful_calibrated,fulfillment,opt_rank_labor_norsl,opt,rank_labor,20.254310687233364,1.0296699888659244,5737003.791134358,291577.45328950946,0.004383115675857141,5929904,75
k1_off_lpt,lpt,mixed_20260816_131535__mixed_realistic_bell_ltrand0-5,ful_calibrated,fulfillment,opt_rank_labor_norsl,opt,rank_labor,17.68912703773042,0.9005434856005097,5467280.736396978,278452.75966054155,-0.020921071991484297,4967070,75
k1_off_lpt,lpt,mixed_20260816_131535__mixed_realistic_bell_lt0,ful_calibrated,fulfillment,uni_rank_labor_norsl,uni,rank_labor,20.256295245218922,1.02986619169385,5735513.374713268,291578.2559168094,0.0023985576902987304,5930055,75
k1_off_lpt,lpt,mixed_20260816_131535__mixed_realistic_bell_ltrand0-5,ful_calibrated,fulfillment,uni_rank_labor_norsl,uni,rank_labor,17.68907537524062,0.9005849414076089,5468542.481441138,278467.1824812539,-0.020869409501685254,4967165,75
k1_off_rr,round_robin,mixed_20260816_131535__mixed_realistic_bell_lt0,ful_calibrated,fulfillment,opt_rank_labor_norsl,opt,rank_labor,20.254510687233367,1.0862265113242742,5420365.315203589,291608.69685422746,0.003967418666874778,5929904,75
k1_off_rr,round_robin,mixed_20260816_131535__mixed_realistic_bell_ltrand0-5,ful_calibrated,fulfillment,opt_rank_labor_norsl,opt,rank_labor,17.68904435552991,0.9491178031960354,5184784.13506811,278435.4493297,-0.018622493754151037,4967055,75
k1_off_rr,round_robin,mixed_20260816_131535__mixed_realistic_bell_lt0,ful_calibrated,fulfillment,uni_rank_labor_norsl,uni,rank_labor,20.254961911885594,1.0844892216994964,5434317.184373398,291561.4309496704,0.0035161940146473114,5930055,75
k1_off_rr,round_robin,mixed_20260816_131535__mixed_realistic_bell_ltrand0-5,ful_calibrated,fulfillment,uni_rank_labor_norsl,uni,rank_labor,17.689895498293517,0.9494161840484694,5180013.882949155,278475.404621346,-0.01947363651775902,4967209,75
k1_off_lpt,lpt,mixed_20260816_131535__mixed_realistic_bell_lt0,ful_calibrated,fulfillment,opt_rank_maxlabor_norsl,opt,rank_maxlabor,20.25597417622259,1.0298427290449377,5734232.0355394455,291581.99423781683,0.0027196266866305052,5929993,75
k1_off_lpt,lpt,mixed_20260816_131535__mixed_realistic_bell_ltrand0-5,ful_calibrated,fulfillment,opt_rank_maxlabor_norsl,opt,rank_maxlabor,17.68998479799295,0.9007937563804848,5466112.7636090955,278472.15943368047,-0.021778832254014446,4967280,75
k1_off_lpt,lpt,mixed_20260816_131535__mixed_realistic_bell_lt0,ful_calibrated,fulfillment,uni_rank_maxlabor_norsl,uni,rank_maxlabor,20.25674898992692,1.0299748872211436,5734105.933618144,291542.40891727834,0.001944812982301869,5930139,75
k1_off_lpt,lpt,mixed_20260816_131535__mixed_realistic_bell_ltrand0-5,ful_calibrated,fulfillment,uni_rank_maxlabor_norsl,uni,rank_maxlabor,17.68922802090378,0.9011366116178567,5465300.6210281355,278483.6715340786,-0.021022055164845455,4967416,75
k1_off_rr,round_robin,mixed_20260816_131535__mixed_realistic_bell_lt0,ful_calibrated,fulfillment,opt_rank_maxlabor_norsl,opt,rank_maxlabor,20.25608610680957,1.0836742679916491,5443348.926492439,291575.700226102,0.0023919990906726696,5929980,75
k1_off_rr,round_robin,mixed_20260816_131535__mixed_realistic_bell_ltrand0-5,ful_calibrated,fulfillment,opt_rank_maxlabor_norsl,opt,rank_maxlabor,17.69011068714435,0.945726758496298,5197504.321343365,278460.7041872561,-0.0196888253685934,4967354,75
k1_off_rr,round_robin,mixed_20260816_131535__mixed_realistic_bell_lt0,ful_calibrated,fulfillment,uni_rank_maxlabor_norsl,uni,rank_maxlabor,20.256906588962437,1.085056199922402,5419964.942919919,291582.76719813637,0.0015715169378047733,5930212,75
k1_off_rr,round_robin,mixed_20260816_131535__mixed_realistic_bell_ltrand0-5,ful_calibrated,fulfillment,uni_rank_maxlabor_norsl,uni,rank_maxlabor,17.690766135469826,0.944687703766835,5208106.68076361,278477.6745801177,-0.020344273694067994,4967275,75
k1_off_lpt,lpt,mixed_20260816_131535__mixed_realistic_bell_lt0,ful_calibrated,fulfillment,opt_rank_minlabor_norsl,opt,rank_minlabor,20.308329609682357,1.065884560740792,5622745.707473921,295154.62254367716,-0.04963580677313573,6017525,75
k1_off_lpt,lpt,mixed_20260816_131535__mixed_realistic_bell_ltrand0-5,ful_calibrated,fulfillment,opt_rank_minlabor_norsl,opt,rank_minlabor,17.688287220164128,0.9183843769742914,5428741.273049767,281438.7330837642,-0.02008125442519315,5018589,75
k1_off_lpt,lpt,mixed_20260816_131535__mixed_realistic_bell_lt0,ful_calibrated,fulfillment,uni_rank_minlabor_norsl,uni,rank_minlabor,20.298902373705555,1.0596690235182629,5633474.829517491,295070.6891398831,-0.04020857079633444,6004537,75
k1_off_lpt,lpt,mixed_20260816_131535__mixed_realistic_bell_ltrand0-5,ful_calibrated,fulfillment,uni_rank_minlabor_norsl,uni,rank_minlabor,17.688453829680107,0.9141222799269381,5435730.001278072,281314.59000741824,-0.020247863941172284,5011434,75
k1_off_rr,round_robin,mixed_20260816_131535__mixed_realistic_bell_lt0,ful_calibrated,fulfillment,opt_rank_minlabor_norsl,opt,rank_minlabor,20.307047799849084,1.2120331675297142,4896898.335428117,295225.9287131726,-0.04856969394884203,6018192,75
k1_off_rr,round_robin,mixed_20260816_131535__mixed_realistic_bell_ltrand0-5,ful_calibrated,fulfillment,opt_rank_minlabor_norsl,opt,rank_minlabor,17.691686535752154,1.0378853202781606,4843887.373749272,281420.2198027669,-0.021264673976396864,5019348,75
k1_off_rr,round_robin,mixed_20260816_131535__mixed_realistic_bell_lt0,ful_calibrated,fulfillment,uni_rank_minlabor_norsl,uni,rank_minlabor,20.29886816478005,1.184754448544361,4970535.711219109,295047.342113675,-0.040390058879808066,6004184,75
k1_off_rr,round_robin,mixed_20260816_131535__mixed_realistic_bell_ltrand0-5,ful_calibrated,fulfillment,uni_rank_minlabor_norsl,uni,rank_minlabor,17.68688797650719,1.019725822789925,4868517.937629897,281326.6677508565,-0.01646611473143267,5011022,75
k1_off_lpt,lpt,mixed_20260816_131535__mixed_realistic_bell_lt0,ful_calibrated,fulfillment,opt_rank_popularity_norsl,opt,rank_popularity,20.254402250979677,1.0299973555133073,5735304.379508009,291602.9580690581,0.004291551929544113,5930041,75
k1_off_lpt,lpt,mixed_20260816_131535__mixed_realistic_bell_ltrand0-5,ful_calibrated,fulfillment,opt_rank_popularity_norsl,opt,rank_popularity,17.68873433009648,0.900671994123502,5466797.186801543,278485.93413681467,-0.02052836435754557,4967301,75
k1_off_lpt,lpt,mixed_20260816_131535__mixed_realistic_bell_lt0,ful_calibrated,fulfillment,uni_rank_popularity_norsl,uni,rank_popularity,20.254197206923436,1.0296794494079604,5736537.869203876,291622.5550102291,0.004496595985784779,5930145,75
k1_off_lpt,lpt,mixed_20260816_131535__mixed_realistic_bell_ltrand0-5,ful_calibrated,fulfillment,uni_rank_popularity_norsl,uni,rank_popularity,17.689434302117412,0.9008958426819778,5466080.840251089,278453.52318937954,-0.021228336378477763,4967355,75
k1_off_rr,round_robin,mixed_20260816_131535__mixed_realistic_bell_lt0,ful_calibrated,fulfillment,opt_rank_popularity_norsl,opt,rank_popularity,20.255468917646347,1.0845192524482004,5446212.874790736,291569.2806074429,0.0030091882538947345,5930041,75
k1_off_rr,round_robin,mixed_20260816_131535__mixed_realistic_bell_ltrand0-5,ful_calibrated,fulfillment,opt_rank_popularity_norsl,opt,rank_popularity,17.688607685478924,0.9482878087368981,5189998.701692646,278501.6427422634,-0.018185823703166903,4967392,75
k1_off_rr,round_robin,mixed_20260816_131535__mixed_realistic_bell_lt0,ful_calibrated,fulfillment,uni_rank_popularity_norsl,uni,rank_popularity,20.255997206923436,1.085662578022005,5428059.664084345,291584.99984565313,0.002480898976806145,5930145,75
k1_off_rr,round_robin,mixed_20260816_131535__mixed_realistic_bell_ltrand0-5,ful_calibrated,fulfillment,uni_rank_popularity_norsl,uni,rank_popularity,17.689420853618756,0.9472433658856714,5200526.535740778,278460.0202813933,-0.01899899184299869,4967390,75
k1_off_lpt,lpt,mixed_20260816_131535__mixed_realistic_bell_lt0,ful_calibrated,fulfillment,opt_rank_random_norsl,opt,rank_random,20.255096310725445,1.0303978668513307,5732908.086954644,291636.780068587,0.0035974921837755858,5931072,75
k1_off_lpt,lpt,mixed_20260816_131535__mixed_realistic_bell_ltrand0-5,ful_calibrated,fulfillment,opt_rank_random_norsl,opt,rank_random,17.666602864642957,0.9010253801933663,5458982.168503948,278524.5773569079,0.0016031010959771663,4961676,75
k1_off_lpt,lpt,mixed_20260816_131535__mixed_realistic_bell_lt0,ful_calibrated,fulfillment,uni_rank_random_norsl,uni,rank_random,20.256109437928348,1.0302499259941738,5734272.178208871,291649.80973479495,0.0025843649808727776,5931274,75
k1_off_lpt,lpt,mixed_20260816_131535__mixed_realistic_bell_ltrand0-5,ful_calibrated,fulfillment,uni_rank_random_norsl,uni,rank_random,17.669009455742653,0.9007865995405316,5459651.398914069,278490.81318819587,-0.0008034900037188208,4962014,75
k1_off_rr,round_robin,mixed_20260816_131535__mixed_realistic_bell_lt0,ful_calibrated,fulfillment,opt_rank_random_norsl,opt,rank_random,20.256361787989963,1.0864120723468735,5433573.59615312,291639.5905539905,0.0021163179102785534,5931266,75
k1_off_rr,round_robin,mixed_20260816_131535__mixed_realistic_bell_ltrand0-5,ful_calibrated,fulfillment,opt_rank_random_norsl,opt,rank_random,17.666325250757566,0.9483199573258136,5181034.096982758,278527.3289581313,0.004096611018191254,4961933,75
k1_off_rr,round_robin,mixed_20260816_131535__mixed_realistic_bell_lt0,ful_calibrated,fulfillment,uni_rank_random_norsl,uni,rank_random,20.256282051886497,1.0870172864078562,5414579.591284021,291630.84958391945,0.002196054013744231,5931212,75
k1_off_rr,round_robin,mixed_20260816_131535__mixed_realistic_bell_ltrand0-5,ful_calibrated,fulfillment,uni_rank_random_norsl,uni,rank_random,17.66612782549678,0.9481965649932271,5186707.274820867,278538.0019021002,0.004294036278977842,4961808,75
k1_off_lpt,lpt,mixed_20260816_131535__mixed_realistic_bell_lt0,ful_calibrated,fulfillment,opt_tmax_norsl,opt,tmax,20.25580380810021,1.029971636464154,5734304.3741006255,291567.58862306614,0.002889994809009977,5929866,75
k1_off_lpt,lpt,mixed_20260816_131535__mixed_realistic_bell_ltrand0-5,ful_calibrated,fulfillment,opt_tmax_norsl,opt,tmax,17.667772435454285,0.9001426697047338,5461934.374362237,278428.73856678134,0.0004335302846492084,4960790,75
k1_off_lpt,lpt,mixed_20260816_131535__mixed_realistic_bell_lt0,ful_calibrated,fulfillment,uni_tmax_norsl,uni,tmax,20.25639438674274,1.029897514848618,5734830.509802247,291570.570546323,0.002299416166479773,5930070,75
k1_off_lpt,lpt,mixed_20260816_131535__mixed_realistic_bell_ltrand0-5,ful_calibrated,fulfillment,uni_tmax_norsl,uni,tmax,17.67068920851952,0.9002443142761307,5461265.654217659,278401.70609485795,-0.00248324278058476,4961036,75
k1_off_rr,round_robin,mixed_20260816_131535__mixed_realistic_bell_lt0,ful_calibrated,fulfillment,opt_tmax_norsl,opt,tmax,20.2547763893797,1.0851715678244973,5436265.060263936,291609.869452109,0.0037017165205419644,5929843,75
k1_off_rr,round_robin,mixed_20260816_131535__mixed_realistic_bell_ltrand0-5,ful_calibrated,fulfillment,opt_tmax_norsl,opt,tmax,17.667364434724625,0.9490849895931298,5166331.477962882,278431.8217639983,0.003057427051132322,4960661,75
k1_off_rr,round_robin,mixed_20260816_131535__mixed_realistic_bell_lt0,ful_calibrated,fulfillment,uni_tmax_norsl,uni,tmax,20.256995102087217,1.0852047728051177,5439120.152713314,291558.83634809975,0.001483003813024908,5930042,75
k1_off_rr,round_robin,mixed_20260816_131535__mixed_realistic_bell_ltrand0-5,ful_calibrated,fulfillment,uni_tmax_norsl,uni,tmax,17.66776348501507,0.9457690490769624,5198301.183193212,278444.108154413,0.0026583767606886965,4960809,75
k1_off_lpt,lpt,mixed_20260816_131535__mixed_realistic_bell_lt0,ful_calibrated,fulfillment,opt_tmin_norsl,opt,tmin,20.252232913352156,1.0296350237538294,5735977.732375671,291607.0289712765,0.00646088955706503,5929903,75
k1_off_lpt,lpt,mixed_20260816_131535__mixed_realistic_bell_ltrand0-5,ful_calibrated,fulfillment,opt_tmin_norsl,opt,tmin,17.666383972065493,0.8999540980789643,5464046.05414433,278458.9401649351,0.001821993673441824,4960761,75
k1_off_lpt,lpt,mixed_20260816_131535__mixed_realistic_bell_lt0,ful_calibrated,fulfillment,uni_tmin_norsl,uni,tmin,20.252371896281403,1.0295396026821346,5736819.796012459,291633.52907380025,0.0063219066278179525,5930068,75
k1_off_lpt,lpt,mixed_20260816_131535__mixed_realistic_bell_ltrand0-5,ful_calibrated,fulfillment,uni_tmin_norsl,uni,tmin,17.665749774842332,0.8997755425871902,5466198.950830761,278492.7883395404,0.002456190896602095,4960900,75
k1_off_rr,round_robin,mixed_20260816_131535__mixed_realistic_bell_lt0,ful_calibrated,fulfillment,opt_tmin_norsl,opt,tmin,20.25389282023551,1.0878203080632947,5421093.718839176,291592.7693144798,0.004585285664731487,5929906,75
k1_off_rr,round_robin,mixed_20260816_131535__mixed_realistic_bell_ltrand0-5,ful_calibrated,fulfillment,opt_tmin_norsl,opt,tmin,17.665376841599812,0.9508831043895679,5164312.24981314,278447.2045559004,0.005045020175945325,4960625,75
k1_off_rr,round_robin,mixed_20260816_131535__mixed_realistic_bell_lt0,ful_calibrated,fulfillment,uni_tmin_norsl,uni,tmin,20.25299711866957,1.0829595013482871,5458479.90837757,291616.46100842045,0.005480987230672696,5930074,75
k1_off_rr,round_robin,mixed_20260816_131535__mixed_realistic_bell_ltrand0-5,ful_calibrated,fulfillment,uni_tmin_norsl,uni,tmin,17.666138893427746,0.9520738133002119,5150476.738412398,278459.7775752043,0.004282968348011451,4960662,75
k1_off_lpt,lpt,mixed_20260816_131535__mixed_realistic_bell_lt0,store,store,opt_cluster_map_norsl,opt,cluster_map,123.20386935379179,6.3428723866979935,397281.4165820713,20737.866103093602,2.6291765748609066,2540273,75
k1_off_lpt,lpt,mixed_20260816_131535__mixed_realistic_bell_ltrand0-5,store,store,opt_cluster_map_norsl,opt,cluster_map,102.17199615965036,5.254558297707563,369189.58348406263,18774.430407640764,0.742611388255412,1957321,75
k1_off_lpt,lpt,mixed_20260816_131535__mixed_realistic_bell_lt0,store,store,uni_cluster_map_norsl,uni,cluster_map,123.48155443248174,6.602927426996027,378549.1091815462,20696.18588566834,2.3514914961709508,2539778,75
k1_off_lpt,lpt,mixed_20260816_131535__mixed_realistic_bell_ltrand0-5,store,store,uni_cluster_map_norsl,uni,cluster_map,102.41383243566675,5.188951079997517,368299.29241221625,18749.428735377336,0.500775112239026,1957701,75
k1_off_rr,round_robin,mixed_20260816_131535__mixed_realistic_bell_lt0,store,store,opt_cluster_map_norsl,opt,cluster_map,123.14901701629302,9.68763583994391,261451.18827527066,20747.235511073286,2.7068783469353264,2540231,75
k1_off_rr,round_robin,mixed_20260816_131535__mixed_realistic_bell_ltrand0-5,store,store,opt_cluster_map_norsl,opt,cluster_map,102.1817175612516,8.239641886064604,234063.22071775683,18775.811893069273,0.7554263546740145,1957306,75
k1_off_rr,round_robin,mixed_20260816_131535__mixed_realistic_bell_lt0,store,store,uni_cluster_map_norsl,uni,cluster_map,123.44851824165274,10.10672648164515,247558.61287813244,20703.11277249724,2.407377121575607,2539714,75
k1_off_rr,round_robin,mixed_20260816_131535__mixed_realistic_bell_ltrand0-5,store,store,uni_cluster_map_norsl,uni,cluster_map,102.3917442545529,8.026973440146673,242178.83086815165,18766.8091984329,0.5453996613727128,1958253,75
k1_off_lpt,lpt,mixed_20260816_131535__mixed_realistic_bell_lt0,store,store,opt_cluster_map_rank_norsl,opt,cluster_map_rank,123.71217456883922,6.55154793107743,379888.12772719865,20637.856847024028,2.120871359813478,2540024,75
k1_off_lpt,lpt,mixed_20260816_131535__mixed_realistic_bell_ltrand0-5,store,store,opt_cluster_map_rank_norsl,opt,cluster_map_rank,102.27943685561355,5.433375455423804,353984.6999863838,18753.685209902338,0.6351706922922205,1957160,75
k1_off_lpt,lpt,mixed_20260816_131535__mixed_realistic_bell_lt0,store,store,uni_cluster_map_rank_norsl,uni,cluster_map_rank,123.83926493405092,6.50083990483771,387913.9321816173,20631.488575195493,1.993780994601778,2539628,75
k1_off_lpt,lpt,mixed_20260816_131535__mixed_realistic_bell_ltrand0-5,store,store,uni_cluster_map_rank_norsl,uni,cluster_map_rank,102.4316032159024,5.120525194389017,375271.59722343605,18733.84926498038,0.4830043320033752,1956155,75
k1_off_rr,round_robin,mixed_20260816_131535__mixed_realistic_bell_lt0,store,store,opt_cluster_map_rank_norsl,opt,cluster_map_rank,123.69470706008444,10.111862974945195,249902.94200604848,20642.699373343374,2.161188303143902,2540001,75
k1_off_rr,round_robin,mixed_20260816_131535__mixed_realistic_bell_ltrand0-5,store,store,opt_cluster_map_rank_norsl,opt,cluster_map_rank,102.27188799459407,8.438770339182925,228577.44657180752,18746.866413241944,0.6652559213315499,1956784,75
k1_off_rr,round_robin,mixed_20260816_131535__mixed_realistic_bell_lt0,store,store,uni_cluster_map_rank_norsl,uni,cluster_map_rank,123.85286535850962,9.873106160386913,256955.8058068665,20623.186814183722,2.003030004718724,2539543,75
k1_off_rr,round_robin,mixed_20260816_131535__mixed_realistic_bell_ltrand0-5,store,store,uni_cluster_map_rank_norsl,uni,cluster_map_rank,102.45773786783263,8.172853732726384,235007.1872358537,18725.438547464095,0.47940604809298293,1956104,75
k1_off_lpt,lpt,mixed_20260816_131535__mixed_realistic_bell_lt0,store,store,opt_cmax_norsl,opt,cmax,125.36822417006984,6.515437862888307,402979.6060181858,20301.423835534413,0.46482175858285757,2534728,75
k1_off_lpt,lpt,mixed_20260816_131535__mixed_realistic_bell_ltrand0-5,store,store,opt_cmax_norsl,opt,cmax,102.68182193707264,5.1283462377240765,387015.70878222544,18748.81648184062,0.2327856108331332,1957906,75
k1_off_lpt,lpt,mixed_20260816_131535__mixed_realistic_bell_lt0,store,store,uni_cmax_norsl,uni,cmax,125.32365545948146,6.15544312312178,414439.9028603585,20312.193805385967,0.5093904691712368,2534142,75
k1_off_lpt,lpt,mixed_20260816_131535__mixed_realistic_bell_ltrand0-5,store,store,uni_cmax_norsl,uni,cmax,102.66471582183664,4.886299114176959,393723.7886226074,18758.34717101886,0.24989172606913712,1957775,75
k1_off_rr,round_robin,mixed_20260816_131535__mixed_realistic_bell_lt0,store,store,opt_cmax_norsl,opt,cmax,125.36731282857463,10.188735375215542,253520.56740973817,20301.084293033826,0.48858253465371604,2534534,75
k1_off_rr,round_robin,mixed_20260816_131535__mixed_realistic_bell_ltrand0-5,store,store,opt_cmax_norsl,opt,cmax,102.6940902770951,8.17962092145648,239687.1906562192,18742.068311715913,0.24305363883051712,1957648,75
k1_off_rr,round_robin,mixed_20260816_131535__mixed_realistic_bell_lt0,store,store,uni_cmax_norsl,uni,cmax,125.34319847605433,9.852054432662467,259241.9010329565,20307.747106869356,0.5126968871740161,2534064,75
k1_off_rr,round_robin,mixed_20260816_131535__mixed_realistic_bell_ltrand0-5,store,store,uni_cmax_norsl,uni,cmax,102.65405273183306,7.551666472371108,255799.98276505093,18757.13073474387,0.2830911840925552,1957513,75
k1_off_lpt,lpt,mixed_20260816_131535__mixed_realistic_bell_lt0,store,store,opt_cmin_norsl,opt,cmin,125.48443983021347,5.715691164858071,444687.57897343114,20310.431306976767,0.34860609843921964,2538834,75
k1_off_lpt,lpt,mixed_20260816_131535__mixed_realistic_bell_ltrand0-5,store,store,opt_cmin_norsl,opt,cmin,103.08222274136014,4.736541745181922,407179.4791722819,18727.38418049942,-0.16761519345436682,1963769,75
k1_off_lpt,lpt,mixed_20260816_131535__mixed_realistic_bell_lt0,store,store,uni_cmin_norsl,uni,cmin,125.52077774573273,5.707610491001256,445113.9796668371,20312.87761849416,0.31226818291996494,2538582,75
k1_off_lpt,lpt,mixed_20260816_131535__mixed_realistic_bell_ltrand0-5,store,store,uni_cmin_norsl,uni,cmin,103.09883726527546,4.723519488405503,409006.9783746054,18741.277330596764,-0.18422971736968918,1964420,75
k1_off_rr,round_robin,mixed_20260816_131535__mixed_realistic_bell_lt0,store,store,opt_cmin_norsl,opt,cmin,125.53586302695179,8.075865777733211,315511.0411970413,20303.403760183155,0.3200323362765545,2539103,75
k1_off_rr,round_robin,mixed_20260816_131535__mixed_realistic_bell_ltrand0-5,store,store,opt_cmin_norsl,opt,cmin,103.08867555917558,6.636166961887161,293327.5965554418,18729.418459118016,-0.15153164324996737,1963772,75
k1_off_rr,round_robin,mixed_20260816_131535__mixed_realistic_bell_lt0,store,store,uni_cmin_norsl,uni,cmin,125.4889624710533,8.070072541561135,315802.30039333174,20312.617998525402,0.36693289217504343,2538569,75
k1_off_rr,round_robin,mixed_20260816_131535__mixed_realistic_bell_ltrand0-5,store,store,uni_cmin_norsl,uni,cmin,103.13693209801856,6.70708178956222,288680.85116817383,18727.628657462483,-0.19978818209294502,1964136,75
k1_off_lpt,lpt,mixed_20260816_131535__mixed_realistic_bell_lt0,store,store,opt_comp_norsl,opt,comp,125.72112592099289,6.58614425914482,391727.7732703005,20303.837580446616,0.11192000765980481,2540569,75
k1_off_lpt,lpt,mixed_20260816_131535__mixed_realistic_bell_ltrand0-5,store,store,opt_comp_norsl,opt,comp,103.91598613693581,5.39694856461203,363590.21677532344,18478.412893698736,-1.0013785890300397,1959758,75
k1_off_lpt,lpt,mixed_20260816_131535__mixed_realistic_bell_lt0,store,store,uni_comp_norsl,uni,comp,125.72987336936956,6.490371425657305,384544.8123168754,20306.965093948555,0.10317255928313784,2540387,75
k1_off_lpt,lpt,mixed_20260816_131535__mixed_realistic_bell_ltrand0-5,store,store,uni_comp_norsl,uni,comp,103.87396208521143,5.232906943413436,363780.3202423477,18466.43879255849,-0.9593545373056571,1957492,75
k1_off_rr,round_robin,mixed_20260816_131535__mixed_realistic_bell_lt0,store,store,opt_comp_norsl,opt,comp,125.73888606093733,10.945086023038407,237582.6921571273,20301.081237442886,0.11700930229100948,2540674,75
k1_off_rr,round_robin,mixed_20260816_131535__mixed_realistic_bell_ltrand0-5,store,store,opt_comp_norsl,opt,comp,103.93479971600061,8.451979963413697,229830.55556042644,18465.432249152247,-0.9976558000749947,1959017,75
k1_off_rr,round_robin,mixed_20260816_131535__mixed_realistic_bell_lt0,store,store,uni_comp_norsl,uni,comp,125.73828039839957,10.039769710291127,251254.84587450922,20306.596943020675,0.11761496482877476,2540320,75
k1_off_rr,round_robin,mixed_20260816_131535__mixed_realistic_bell_ltrand0-5,store,store,uni_comp_norsl,uni,comp,103.91166903239586,8.423886743564283,230364.14118610133,18461.856341675,-0.9745251164702466,1957583,75
k1_off_lpt,lpt,mixed_20260816_131535__mixed_realistic_bell_lt0,store,store,opt_expn_norsl,opt,expn,125.9683738949177,5.767520595940577,441249.67855560465,20247.15225689615,-0.13532796626500954,2539518,75
k1_off_lpt,lpt,mixed_20260816_131535__mixed_realistic_bell_ltrand0-5,store,store,opt_expn_norsl,opt,expn,104.11063862750844,4.802573404585281,399704.39338267985,18442.91858783184,-1.1960310796026619,1959758,75
k1_off_lpt,lpt,mixed_20260816_131535__mixed_realistic_bell_lt0,store,store,uni_expn_norsl,uni,expn,125.9501650289015,5.748250641870088,441502.58625183353,20248.542463379134,-0.11711910024880012,2539207,75
k1_off_lpt,lpt,mixed_20260816_131535__mixed_realistic_bell_ltrand0-5,store,store,uni_expn_norsl,uni,expn,104.08062471446931,4.7711146538371,401387.51864065236,18445.562423155363,-1.1660171665635346,1959048,75
k1_off_rr,round_robin,mixed_20260816_131535__mixed_realistic_bell_lt0,store,store,opt_expn_norsl,opt,expn,125.95221011563788,8.065647129109818,317085.7466630038,20255.481176636036,-0.09631475240954046,2539665,75
k1_off_rr,round_robin,mixed_20260816_131535__mixed_realistic_bell_ltrand0-5,store,store,opt_expn_norsl,opt,expn,104.13897500769936,6.805644366125453,283931.3034319253,18437.440356240782,-1.201831091773741,1959774,75
k1_off_rr,round_robin,mixed_20260816_131535__mixed_realistic_bell_lt0,store,store,uni_expn_norsl,uni,expn,125.95284093031972,8.116004837029143,314003.9236728755,20250.927882777785,-0.09694556709138169,2539370,75
k1_off_rr,round_robin,mixed_20260816_131535__mixed_realistic_bell_ltrand0-5,store,store,uni_expn_norsl,uni,expn,104.09485047282853,6.874335709973585,282048.73757868324,18444.215767385645,-1.1577065569029088,1959236,75
k1_off_lpt,lpt,mixed_20260816_131535__mixed_realistic_bell_lt0,store,store,opt_fifo_norsl,opt,fifo,125.8330459286527,5.611241761935702,452549.5475516064,20239.15532765786,0.0,2535476,75
k1_off_lpt,lpt,mixed_20260816_131535__mixed_realistic_bell_ltrand0-5,store,store,opt_fifo_norsl,opt,fifo,102.91460754790577,4.734518982628882,404431.7055353297,18742.816413062534,0.0,1959472,75
k1_off_lpt,lpt,mixed_20260816_131535__mixed_realistic_bell_lt0,store,store,uni_fifo_norsl,uni,fifo,125.8330459286527,5.611241761935702,452549.5475516064,20239.15532765786,0.0,2535476,75
k1_off_lpt,lpt,mixed_20260816_131535__mixed_realistic_bell_ltrand0-5,store,store,uni_fifo_norsl,uni,fifo,102.91460754790577,4.734518982628882,404431.7055353297,18742.816413062534,0.0,1959472,75
k1_off_rr,round_robin,mixed_20260816_131535__mixed_realistic_bell_lt0,store,store,opt_fifo_norsl,opt,fifo,125.85589536322834,8.090728784024963,313976.7149602226,20240.974052306072,0.0,2535417,75
k1_off_rr,round_robin,mixed_20260816_131535__mixed_realistic_bell_ltrand0-5,store,store,opt_fifo_norsl,opt,fifo,102.93714391592562,6.680796423289982,290422.1161272388,18739.826590221855,0.0,1959915,75
k1_off_rr,round_robin,mixed_20260816_131535__mixed_realistic_bell_lt0,store,store,uni_fifo_norsl,uni,fifo,125.85589536322834,8.090728784024963,313976.7149602226,20240.974052306072,0.0,2535417,75
k1_off_rr,round_robin,mixed_20260816_131535__mixed_realistic_bell_ltrand0-5,store,store,uni_fifo_norsl,uni,fifo,102.93714391592562,6.680796423289982,290422.1161272388,18739.826590221855,0.0,1959915,75
k1_off_lpt,lpt,mixed_20260816_131535__mixed_realistic_bell_lt0,store,store,opt_map_norsl,opt,map,122.88454826708814,5.436984631410807,466895.93053750944,20728.22737310793,2.9484976615645593,2536515,75
k1_off_lpt,lpt,mixed_20260816_131535__mixed_realistic_bell_ltrand0-5,store,store,opt_map_norsl,opt,map,101.75142212403523,4.6227154876666665,422017.5844321178,19254.79129445621,1.1631854238705444,1986589,75
k1_off_lpt,lpt,mixed_20260816_131535__mixed_realistic_bell_lt0,store,store,uni_map_norsl,uni,map,123.27217199023535,5.467138752237877,465544.7330996039,20695.622553636753,2.5608739384173447,2536222,75
k1_off_lpt,lpt,mixed_20260816_131535__mixed_realistic_bell_ltrand0-5,store,store,uni_map_norsl,uni,map,102.05830965296033,4.635299614403389,421423.66257481463,19226.499697679905,0.8562978949454418,1986087,75
k1_off_rr,round_robin,mixed_20260816_131535__mixed_realistic_bell_lt0,store,store,opt_map_norsl,opt,map,122.87997019389312,7.950016488771426,319414.7526924888,20725.188421753945,2.975925169335227,2536075,75
k1_off_rr,round_robin,mixed_20260816_131535__mixed_realistic_bell_ltrand0-5,store,store,opt_map_norsl,opt,map,101.7468161262358,6.550554751068613,301728.08463906514,19254.448625729914,1.1903277896898175,1986503,75
k1_off_rr,round_robin,mixed_20260816_131535__mixed_realistic_bell_lt0,store,store,uni_map_norsl,uni,map,123.26230393716025,7.937751391612156,320919.9994089163,20693.64828094939,2.5935914260680875,2535840,75
k1_off_rr,round_robin,mixed_20260816_131535__mixed_realistic_bell_ltrand0-5,store,store,uni_map_norsl,uni,map,102.08482048786935,6.615701503606853,299106.2389072931,19213.88353335138,0.8523234280562662,1985778,75
k1_off_lpt,lpt,mixed_20260816_131535__mixed_realistic_bell_lt0,store,store,opt_map_rank_norsl,opt,map_rank,122.94371329773611,5.457550852382388,465182.8114539049,20716.434979215115,2.8893326309165843,2536190,75
k1_off_lpt,lpt,mixed_20260816_131535__mixed_realistic_bell_ltrand0-5,store,store,opt_map_rank_norsl,opt,map_rank,101.74868343258805,4.631785471203682,420690.1362191717,19243.74248001669,1.165924115317722,1985507,75
k1_off_lpt,lpt,mixed_20260816_131535__mixed_realistic_bell_lt0,store,store,uni_map_rank_norsl,uni,map_rank,123.31692346297011,5.470107139097912,465029.88326578756,20685.729326447283,2.516122465682585,2536067,75
k1_off_lpt,lpt,mixed_20260816_131535__mixed_realistic_bell_ltrand0-5,store,store,uni_map_rank_norsl,uni,map_rank,102.03695288238615,4.629985644602136,421604.4003517508,19224.54156598328,0.8776546655196285,1985534,75
k1_off_rr,round_robin,mixed_20260816_131535__mixed_realistic_bell_lt0,store,store,opt_map_rank_norsl,opt,map_rank,122.94422504537042,7.920250199754232,322066.07310020295,20717.879950428498,2.9116703178579257,2536292,75
k1_off_rr,round_robin,mixed_20260816_131535__mixed_realistic_bell_ltrand0-5,store,store,opt_map_rank_norsl,opt,map_rank,101.74606255304339,6.60666521083681,297346.8856106649,19243.785733590015,1.1910813628822297,1985430,75
k1_off_rr,round_robin,mixed_20260816_131535__mixed_realistic_bell_lt0,store,store,uni_map_rank_norsl,uni,map_rank,123.32081405745942,7.944935149703434,322188.7503124695,20685.545287161884,2.5350813057689265,2536089,75
k1_off_rr,round_robin,mixed_20260816_131535__mixed_realistic_bell_ltrand0-5,store,store,uni_map_rank_norsl,uni,map_rank,102.06035656229797,6.571357012019158,301090.75714266417,19214.538035824058,0.8767873536276483,1985293,75
k1_off_lpt,lpt,mixed_20260816_131535__mixed_realistic_bell_lt0,store,store,opt_rank_cartlabor_norsl,opt,rank_cartlabor,122.49394870872007,5.418810548343821,469290.504359155,20788.798256672446,3.3390972199326256,2535381,75
k1_off_lpt,lpt,mixed_20260816_131535__mixed_realistic_bell_ltrand0-5,store,store,opt_rank_cartlabor_norsl,opt,rank_cartlabor,102.08239163723746,4.597944177765784,432208.6421952882,19535.92572365957,0.8322159106683102,2018105,75
k1_off_lpt,lpt,mixed_20260816_131535__mixed_realistic_bell_lt0,store,store,uni_rank_cartlabor_norsl,uni,rank_cartlabor,122.7920483575276,5.437504945943509,468143.1049779227,20767.217152499,3.0409975711250894,2535569,75
k1_off_lpt,lpt,mixed_20260816_131535__mixed_realistic_bell_ltrand0-5,store,store,uni_rank_cartlabor_norsl,uni,rank_cartlabor,102.43561747088235,4.6125282125973115,432171.3963077324,19514.530310550654,0.47899007702342544,2018423,75
k1_off_rr,round_robin,mixed_20260816_131535__mixed_realistic_bell_lt0,store,store,opt_rank_cartlabor_norsl,opt,rank_cartlabor,122.49795180271597,7.880155636315549,322532.72947917896,20790.267871654167,3.3579435605123678,2535622,75
k1_off_rr,round_robin,mixed_20260816_131535__mixed_realistic_bell_ltrand0-5,store,store,opt_rank_cartlabor_norsl,opt,rank_cartlabor,102.08473907820424,6.634186782684052,302816.80643176247,19538.485560712365,0.8524048377213802,2018209,75
k1_off_rr,round_robin,mixed_20260816_131535__mixed_realistic_bell_lt0,store,store,uni_rank_cartlabor_norsl,uni,rank_cartlabor,122.80251768282128,7.937770730763204,322909.50696496473,20767.277448042125,3.053377680407067,2535744,75
k1_off_rr,round_robin,mixed_20260816_131535__mixed_realistic_bell_ltrand0-5,store,store,uni_rank_cartlabor_norsl,uni,rank_cartlabor,102.43723385734557,6.678986466903594,300437.617770889,19514.22033019779,0.499910058580042,2018545,75
k1_off_lpt,lpt,mixed_20260816_131535__mixed_realistic_bell_lt0,store,store,opt_rank_labor_norsl,opt,rank_labor,122.49579488814676,5.426638653057826,468695.72190976015,20789.352935249455,3.337251040505933,2535562,75
k1_off_lpt,lpt,mixed_20260816_131535__mixed_realistic_bell_ltrand0-5,store,store,opt_rank_labor_norsl,opt,rank_labor,102.07145961943452,4.596188500929565,432454.4832879375,19537.57607691666,0.8431479284712537,2017917,75
k1_off_lpt,lpt,mixed_20260816_131535__mixed_realistic_bell_lt0,store,store,uni_rank_labor_norsl,uni,rank_labor,122.7937686364238,5.445677657666721,467279.5682300682,20768.63189469537,3.0392772922288884,2535614,75
k1_off_lpt,lpt,mixed_20260816_131535__mixed_realistic_bell_ltrand0-5,store,store,uni_rank_labor_norsl,uni,rank_labor,102.4278651462026,4.61743630180778,431498.56186357164,19511.576375417706,0.48674240170316807,2018301,75
k1_off_rr,round_robin,mixed_20260816_131535__mixed_realistic_bell_lt0,store,store,opt_rank_labor_norsl,opt,rank_labor,122.48276816142734,7.9019366305483505,322302.7708342736,20789.484197179183,3.3731272018009975,2535348,75
k1_off_rr,round_robin,mixed_20260816_131535__mixed_realistic_bell_ltrand0-5,store,store,opt_rank_labor_norsl,opt,rank_labor,102.08088113455666,6.659145714966591,300249.2536864796,19533.799985262784,0.8562627813689545,2017852,75
k1_off_rr,round_robin,mixed_20260816_131535__mixed_realistic_bell_lt0,store,store,uni_rank_labor_norsl,uni,rank_labor,122.810135434732,7.96558884558391,319643.7562872292,20767.388459278634,3.045759928496338,2535748,75
k1_off_rr,round_robin,mixed_20260816_131535__mixed_realistic_bell_ltrand0-5,store,store,uni_rank_labor_norsl,uni,rank_labor,102.44369763226054,6.674137736483536,301037.19847113424,19510.28430747071,0.4934462836650795,2018454,75
k1_off_lpt,lpt,mixed_20260816_131535__mixed_realistic_bell_lt0,store,store,opt_rank_maxlabor_norsl,opt,rank_maxlabor,129.89320726471237,5.830277936583334,436118.3629605864,19649.266728782077,-4.060161336059679,2539154,75
k1_off_lpt,lpt,mixed_20260816_131535__mixed_realistic_bell_ltrand0-5,store,store,opt_rank_maxlabor_norsl,opt,rank_maxlabor,107.92025289637444,4.930101790683973,405769.84593791806,18595.590218984595,-5.005645348468661,2023042,75
k1_off_lpt,lpt,mixed_20260816_131535__mixed_realistic_bell_lt0,store,store,uni_rank_maxlabor_norsl,uni,rank_maxlabor,129.49481484370003,5.810232645463016,436941.9090492691,19673.11466179606,-3.6617689150473325,2538981,75
k1_off_lpt,lpt,mixed_20260816_131535__mixed_realistic_bell_ltrand0-5,store,store,uni_rank_maxlabor_norsl,uni,rank_maxlabor,107.50824483610992,4.900720121599254,407633.15879653156,18618.25476019437,-4.59363728820415,2022549,75
k1_off_rr,round_robin,mixed_20260816_131535__mixed_realistic_bell_lt0,store,store,opt_rank_maxlabor_norsl,opt,rank_maxlabor,129.89383753858294,8.409698847742028,303246.5876541774,19649.809659655188,-4.037942175354601,2539098,75
k1_off_rr,round_robin,mixed_20260816_131535__mixed_realistic_bell_ltrand0-5,store,store,opt_rank_maxlabor_norsl,opt,rank_maxlabor,107.90497402414422,7.026573764495666,288059.0064410823,18594.807738696636,-4.967830108218607,2022925,75
k1_off_rr,round_robin,mixed_20260816_131535__mixed_realistic_bell_lt0,store,store,uni_rank_maxlabor_norsl,uni,rank_maxlabor,129.50032464340816,8.353197246570387,303972.1593066034,19673.220159897268,-3.6444292801798213,2539118,75
k1_off_rr,round_robin,mixed_20260816_131535__mixed_realistic_bell_ltrand0-5,store,store,uni_rank_maxlabor_norsl,uni,rank_maxlabor,107.51154729740058,6.989701046960056,287221.38312724757,18613.811307935353,-4.574403381474966,2022162,75
k1_off_lpt,lpt,mixed_20260816_131535__mixed_realistic_bell_lt0,store,store,opt_rank_minlabor_norsl,opt,rank_minlabor,122.8012553363355,6.019131757793247,425554.8099226069,20777.020185634497,3.0317905923171935,2539767,75
k1_off_lpt,lpt,mixed_20260816_131535__mixed_realistic_bell_ltrand0-5,store,store,opt_rank_minlabor_norsl,opt,rank_minlabor,102.54355740798286,4.99962769554938,410942.632919678,19498.805517569243,0.37105013992291447,2023313,75
k1_off_lpt,lpt,mixed_20260816_131535__mixed_realistic_bell_lt0,store,store,uni_rank_minlabor_norsl,uni,rank_minlabor,123.04954725808072,5.801531236390664,433224.03071691986,20757.141357566983,2.783498670571973,2539303,75
k1_off_lpt,lpt,mixed_20260816_131535__mixed_realistic_bell_ltrand0-5,store,store,uni_rank_minlabor_norsl,uni,rank_minlabor,102.77481215415868,4.785025875349358,415513.7670647445,19485.163506343335,0.13979539374709304,2022542,75
k1_off_rr,round_robin,mixed_20260816_131535__mixed_realistic_bell_lt0,store,store,opt_rank_minlabor_norsl,opt,rank_minlabor,122.80014198131052,9.500790564577496,267768.4009272138,20777.819921590286,3.0557533819178246,2539931,75
k1_off_rr,round_robin,mixed_20260816_131535__mixed_realistic_bell_ltrand0-5,store,store,opt_rank_minlabor_norsl,opt,rank_minlabor,102.50925706408557,7.76295802859658,262232.36809299525,19504.72473223465,0.42788685184004294,2023006,75
k1_off_rr,round_robin,mixed_20260816_131535__mixed_realistic_bell_lt0,store,store,uni_rank_minlabor_norsl,uni,rank_minlabor,123.04625143825996,9.240347572771892,271223.83340921125,20758.62891373853,2.809643924968384,2539535,75
k1_off_rr,round_robin,mixed_20260816_131535__mixed_realistic_bell_ltrand0-5,store,store,uni_rank_minlabor_norsl,uni,rank_minlabor,102.7823838896548,7.479033639778097,265723.39114817895,19482.441807411116,0.15476002627082153,2022841,75
k1_off_lpt,lpt,mixed_20260816_131535__mixed_realistic_bell_lt0,store,store,opt_rank_popularity_norsl,opt,rank_popularity,124.91241880084551,5.533126189528751,459353.8364325559,20391.622278600786,0.9206271278071796,2535859,75
k1_off_lpt,lpt,mixed_20260816_131535__mixed_realistic_bell_ltrand0-5,store,store,opt_rank_popularity_norsl,opt,rank_popularity,104.26698126465635,4.720326908472033,423212.1819790823,19252.840365172564,-1.3523737167505772,2026331,75
k1_off_lpt,lpt,mixed_20260816_131535__mixed_realistic_bell_lt0,store,store,uni_rank_popularity_norsl,uni,rank_popularity,124.98066033543593,5.534249743462819,459459.804682075,20381.385510456726,0.8523855932167663,2536029,75
k1_off_lpt,lpt,mixed_20260816_131535__mixed_realistic_bell_ltrand0-5,store,store,uni_rank_popularity_norsl,uni,rank_popularity,104.30480168096113,4.713739212073623,424947.4798267295,19270.004813320636,-1.3901941330553598,2027250,75
k1_off_rr,round_robin,mixed_20260816_131535__mixed_realistic_bell_lt0,store,store,opt_rank_popularity_norsl,opt,rank_popularity,124.9197738367747,8.057235126416,315738.8208919874,20391.777547870424,0.9361215264536469,2535992,75
k1_off_rr,round_robin,mixed_20260816_131535__mixed_realistic_bell_ltrand0-5,store,store,opt_rank_popularity_norsl,opt,rank_popularity,104.21286229073833,6.732746577617633,298329.9647979066,19265.619580475024,-1.2757183748127119,2026372,75
k1_off_rr,round_robin,mixed_20260816_131535__mixed_realistic_bell_lt0,store,store,uni_rank_popularity_norsl,uni,rank_popularity,124.96855289580472,8.104411999047102,314294.12185321236,20385.99016664316,0.8873424674236219,2536000,75
k1_off_rr,round_robin,mixed_20260816_131535__mixed_realistic_bell_ltrand0-5,store,store,uni_rank_popularity_norsl,uni,rank_popularity,104.32409597882176,6.781116231139884,297024.63226354355,19260.43786224622,-1.3869520628961425,2026933,75
k1_off_lpt,lpt,mixed_20260816_131535__mixed_realistic_bell_lt0,store,store,opt_rank_random_norsl,opt,rank_random,125.10421786063698,5.575967711621448,455259.7736489943,20344.26826510387,0.7288280680157158,2535069,75
k1_off_lpt,lpt,mixed_20260816_131535__mixed_realistic_bell_ltrand0-5,store,store,opt_rank_random_norsl,opt,rank_random,103.31944480393514,4.749631734011236,398886.1754024298,18455.80850757174,-0.40483725602936715,1949008,75
k1_off_lpt,lpt,mixed_20260816_131535__mixed_realistic_bell_lt0,store,store,uni_rank_random_norsl,uni,rank_random,125.15900152821773,5.571209308646266,455516.61247257085,20342.942088508822,0.6740444004349655,2534955,75
k1_off_lpt,lpt,mixed_20260816_131535__mixed_realistic_bell_ltrand0-5,store,store,uni_rank_random_norsl,uni,rank_random,103.35645015705036,4.743168249521654,399955.63354392495,18471.318612094332,-0.4418426091445866,1949615,75
k1_off_rr,round_robin,mixed_20260816_131535__mixed_realistic_bell_lt0,store,store,opt_rank_random_norsl,opt,rank_random,125.1108734123473,8.103779942817903,315319.7209118659,20340.1860268509,0.7450219508810392,2535009,75
k1_off_rr,round_robin,mixed_20260816_131535__mixed_realistic_bell_ltrand0-5,store,store,opt_rank_random_norsl,opt,rank_random,103.32584186905179,6.797602025965579,280878.9597429552,18457.809543565163,-0.3886979531261687,1948950,75
k1_off_rr,round_robin,mixed_20260816_131535__mixed_realistic_bell_lt0,store,store,uni_rank_random_norsl,uni,rank_random,125.15667505329283,8.104190398764526,314195.9620225487,20344.65553740209,0.6992203099355123,2534973,75
k1_off_rr,round_robin,mixed_20260816_131535__mixed_realistic_bell_ltrand0-5,store,store,uni_rank_random_norsl,uni,rank_random,103.37709550669571,6.762375301431672,283140.07209452306,18467.312284719144,-0.43995159077009305,1949652,75
k1_off_lpt,lpt,mixed_20260816_131535__mixed_realistic_bell_lt0,store,store,opt_tmax_norsl,opt,tmax,126.88071252329391,5.6558904071202605,449655.9980949779,20091.119061607566,-1.047666594641214,2536246,75
k1_off_lpt,lpt,mixed_20260816_131535__mixed_realistic_bell_ltrand0-5,store,store,opt_tmax_norsl,opt,tmax,104.32884254842293,4.752332472817802,401323.0469123893,18346.132603727598,-1.4142350005171522,1951390,75
k1_off_lpt,lpt,mixed_20260816_131535__mixed_realistic_bell_lt0,store,store,uni_tmax_norsl,uni,tmax,126.75356761951163,5.641901914394328,450266.812510228,20095.295173769362,-0.9205216908589335,2535911,75
k1_off_lpt,lpt,mixed_20260816_131535__mixed_realistic_bell_ltrand0-5,store,store,uni_tmax_norsl,uni,tmax,104.21438359416561,4.741506998836853,401407.960066459,18346.28471926315,-1.2997760462598364,1951017,75
k1_off_rr,round_robin,mixed_20260816_131535__mixed_realistic_bell_lt0,store,store,opt_tmax_norsl,opt,tmax,126.88570288300635,8.187041786795165,312151.54563872586,20088.664015805654,-1.0298075197780037,2536143,75
k1_off_rr,round_robin,mixed_20260816_131535__mixed_realistic_bell_ltrand0-5,store,store,opt_tmax_norsl,opt,tmax,104.25803154971645,6.86531821123056,281131.4335430614,18358.045748254677,-1.3208876337908322,1950962,75
k1_off_rr,round_robin,mixed_20260816_131535__mixed_realistic_bell_lt0,store,store,uni_tmax_norsl,uni,tmax,126.735177214195,8.127640635175617,312923.74303080066,20098.858685094663,-0.8792818509666631,2536011,75
k1_off_rr,round_robin,mixed_20260816_131535__mixed_realistic_bell_ltrand0-5,store,store,uni_tmax_norsl,uni,tmax,104.17253143773372,6.782550392913344,282821.75918152236,18343.463197945308,-1.2353875218081072,1950270,75
k1_off_lpt,lpt,mixed_20260816_131535__mixed_realistic_bell_lt0,store,store,opt_tmin_norsl,opt,tmin,125.05098699419757,5.566686061935659,456173.9224389327,20353.53852631679,0.7820589344551223,2534972,75
k1_off_lpt,lpt,mixed_20260816_131535__mixed_realistic_bell_ltrand0-5,store,store,opt_tmin_norsl,opt,tmin,103.3071902843234,4.69946381998326,404122.51547495427,18458.36138866783,-0.39258273641762287,1948812,75
k1_off_lpt,lpt,mixed_20260816_131535__mixed_realistic_bell_lt0,store,store,uni_tmin_norsl,uni,tmin,125.07146545323852,5.569543980606822,455805.25549981865,20355.0210017745,0.7615804754141777,2534890,75
k1_off_lpt,lpt,mixed_20260816_131535__mixed_realistic_bell_ltrand0-5,store,store,uni_tmin_norsl,uni,tmin,103.35751966055635,4.6854845779877135,405018.2611945692,18456.166051870165,-0.44291211265057484,1948834,75
k1_off_rr,round_robin,mixed_20260816_131535__mixed_realistic_bell_lt0,store,store,opt_tmin_norsl,opt,tmin,125.06650549086238,8.08815527677155,314860.63267420005,20350.78150645015,0.7893898723659589,2535095,75
k1_off_rr,round_robin,mixed_20260816_131535__mixed_realistic_bell_ltrand0-5,store,store,opt_tmin_norsl,opt,tmin,103.28422024050583,6.752211421809183,284165.4092024572,18462.480295023084,-0.34707632458021465,1948694,75
k1_off_rr,round_robin,mixed_20260816_131535__mixed_realistic_bell_lt0,store,store,uni_tmin_norsl,uni,tmin,125.08808888117544,8.060487168219039,315920.21794624656,20353.48052985602,0.7678064820529045,2535045,75
k1_off_rr,round_robin,mixed_20260816_131535__mixed_realistic_bell_ltrand0-5,store,store,uni_tmin_norsl,uni,tmin,103.33288848039997,6.757858852970613,283751.9023597877,18454.706758523993,-0.3957445644743558,1948150,75
